Login;latitude;longitude;Horario;Estacionado;Valor Carro;Risco Percebido;PossibilidadeSUSESP;PossibilidadeSUCESP;TarifaHoraria
0;-23.7100863;-46.6978229;8;1;81771;0.105728301;11714;3.643583898;0.092316268
1;-23.53974337;-46.65503312;2;0;48477;0.717681145;1018;1.90845334;0.130588938
0;-23.5405037;-46.6393298;11;0;33050;0.017847773;2742;2.18812472;0.074372828
0;-23.5177794;-46.7044359;1;1;27195;0.110137873;1307;1.955335607;0.075544635
1;-23.5340243;-46.6533068;18;0;50485;0.712119027;61740;11.7589206;0.099631176
0;-23.5963691;-46.6868073;11;1;93929;0.113222223;3924;2.379871571;0.107908045
1;-23.54366151;-46.65441448;17;1;85529;0.819167732;3924;2.379871571;0.134705332
0;-23.5449917;-46.7082375;22;0;73422;0.021822578;1256;1.947062266;0.100713364
0;-23.5183374;-46.7044436;16;0;80086;0.010362877;11714;3.643583898;0.088489816
0;-23.5183374;-46.7044436;4;1;41810;0.110405756;2035;2.073433498;0.104296577
0;-23.57230787;-46.69751709;12;0;79014;0.016526187;1095;1.920944463;0.092750299
0;-23.5181162;-46.5540786;21;1;77654;0.11080521;2641;2.17174026;0.101043148
1;-23.5174105;-46.7532427;5;0;98001;0.708670308;1402;1.970746733;0.151543282
0;-23.47874755;-46.60168365;12;0;83846;0.010358787;11714;3.643583898;0.088200499
1;-23.5482576;-46.6424238;17;0;88866;0.722691962;3924;2.379871571;0.127646236
0;-23.5408682;-46.6424238;12;0;43727;0.017407245;3913;2.378087125;0.078498162
1;-23.6919698;-46.5569304;2;0;44398;0.706888194;2422;2.136213559;0.117227492
1;-23.5364676;-46.6333508;6;0;23648;0.719833789;13686;3.963486428;0.098931532
0;-23.5157017;-46.5555984;13;0;61842;0.011017216;1346;1.96166228;0.078330111
0;-23.5986185;-46.7420604;21;0;80736;0.012567324;11714;3.643583898;0.091979608
0;-23.6024777;-46.7318411;22;0;64520;0.012791741;1346;1.96166228;0.087169077
0;-23.5157017;-46.5555984;1;1;98839;0.11101893;1402;1.970746733;0.107351709
1;-23.580163;-46.1;5;1;52234;0.81285533;1641;2.009517881;0.148615083
1;-23.6026007;-46.6123434;19;1;72886;0.816527516;1256;1.947062266;0.127796677
1;-23.5719564;-46.7044971;10;1;20323;0.816304076;13686;3.963486428;0.103436926
1;-23.4816559;-46.7215721;8;0;53781;0.7026446;1641;2.009517881;0.089438954
1;-23.4534724;-46.7346318;1;1;84194;0.805952851;11714;3.643583898;0.120376837
0;-23.5705675;-46.6435321;3;1;66035;0.115224905;1346;1.96166228;0.107498231
1;-23.5566396;-46.6650092;3;0;99194;0.720290984;1402;1.970746733;0.139722652
0;-23.5672621;-46.6640427;3;1;94452;0.115885698;3924;2.379871571;0.120448982
0;-23.6031379;-46.5975636;11;0;84239;0.009918258;11714;3.643583898;0.087896128
1;-23.5824303;-46.4028474;10;1;39047;0.812559582;5776;2.680307416;0.107476018
0;-23.6536172;-46.6034577;10;1;79882;0.109696146;1095;1.920944463;0.097206179
1;-23.55142805;-46.64346207;2;0;50180;0.722747225;61740;11.7589206;0.136769479
1;-23.582106;-46.6011555;22;1;64704;0.814994384;1346;1.96166228;0.126682548
0;-23.6037534;-46.7465665;19;1;64712;0.111901965;1346;1.96166228;0.094522208
0;-23.5569717;-46.6255524;17;0;71523;0.023793283;1256;1.947062266;0.096579806
0;-23.5819568;-46.581139;13;0;22092;0.012338802;13686;3.963486428;0.062629243
0;-23.443579;-46.4590557;13;0;33937;0.007052458;2742;2.18812472;0.06204751
1;-23.5426078;-46.6956075;9;0;58384;0.719385442;2838;2.203698068;0.109771883
1;-23.5705609;-46.7044101;7;1;46252;0.816303845;3913;2.378087125;0.114498007
0;-23.5432587;-46.416144;8;0;29474;0.021367067;3220;2.265667017;0.074318935
0;-23.5525694;-46.653431;14;0;89324;0.021367972;3924;2.379871571;0.100520764
0;-23.5602727;-46.6860918;0;0;87321;0.017629024;3924;2.379871571;0.098219563
1;-23.4684574;-46.5755993;19;0;67223;0.70705615;6564;2.80813865;0.102888216
0;-23.6365235;-46.6170747;6;1;98106;0.114767709;1402;1.970746733;0.113061808
0;-23.5930686;-46.5393749;6;0;93959;0.013666388;3924;2.379871571;0.097805729
1;-23.5065461;-46.5927338;5;0;94004;0.708009515;3924;2.379871571;0.149111146
0;-23.5988304;-46.5321765;18;0;27235;0.015202728;1307;1.955335607;0.068151811
0;-23.5359575;-46.6352962;19;1;26023;0.118950424;1307;1.955335607;0.085435825
0;-23.5540468;-46.6544244;18;0;27266;0.021590393;1307;1.955335607;0.075033114
0;-23.6196173;-46.4758823;3;1;87457;0.112581733;3924;2.379871571;0.113883584
1;-23.5460735;-46.6042878;10;1;29089;0.82621597;3220;2.265667017;0.117869936
1;-23.5875844;-46.1;2;1;53141;0.813055595;1641;2.009517881;0.139910236
1;-23.5979982;-46.5536373;9;1;29389;0.814539627;3220;2.265667017;0.104358156
0;-23.6196173;-46.4758823;15;1;63771;0.112563466;1346;1.96166228;0.095157583
1;-23.5544909;-46.6563739;13;0;72868;0.721369639;1256;1.947062266;0.118990516
1;-23.59700862;-46.61545237;19;0;84730;0.716968045;11714;3.643583898;0.121086305
1;-23.6876751;-46.5577688;1;1;81343;0.807274437;11714;3.643583898;0.120569759
0;-23.552856;-46.654034;23;1;92315;0.12203959;3924;2.379871571;0.119856189
1;-23.5372582;-46.6262243;1;1;69685;0.820930824;1275;1.950144491;0.130231423
1;-23.5998292;-46.6040495;11;1;78846;0.817627509;1095;1.920944463;0.130928021
1;-23.5374369;-46.6190063;14;0;99045;0.720927443;1402;1.970746733;0.129014589
1;-23.5980725;-46.6843359;22;1;97880;0.813893062;1402;1.970746733;0.139788572
1;-23.570114;-46.706325;5;1;75510;0.816820088;2641;2.17174026;0.162903799
1;-23.556057;-46.6823689;13;1;43484;0.821810167;3913;2.378087125;0.119093053
0;-23.5195982;-46.6009576;23;1;76106;0.113669546;2641;2.17174026;0.103874979
0;-23.5401678;-46.1;14;1;23355;0.119605858;13686;3.963486428;0.082496503
0;-23.5426253;-46.6322264;14;0;76692;0.022689558;2641;2.17174026;0.09650064
1;-23.507347;-46.5719617;6;0;86411;0.707939515;3924;2.379871571;0.113177324
0;-23.4371053;-46.5422828;22;0;60962;0.006404075;13168;3.879455236;0.078768562
1;-23.6357413;-46.7418934;13;0;61089;0.70969563;1346;1.96166228;0.101365086
1;-23.5718633;-46.708172;9;1;49349;0.816301741;1018;1.90845334;0.114850287
0;-23.549787;-46.6259001;10;1;77847;0.127978084;2641;2.17174026;0.115986175
0;-23.5567432;-46.6249762;15;1;49445;0.124678004;1018;1.90845334;0.102012258
0;-23.6326125;-46.6567297;9;1;58306;0.111015398;2838;2.203698068;0.088244308
0;-23.4777393;-46.5997888;12;1;90236;0.110138522;3924;2.379871571;0.103001768
1;-23.5673705;-46.643132;14;0;77826;0.7156411;2641;2.17174026;0.114190945
1;-23.5552624;-46.6173415;0;0;68493;0.725338275;1275;1.950144491;0.123178815
0;-23.6020252;-46.6127772;0;0;54550;0.016307438;1641;2.009517881;0.082682903
1;-23.5501945;-46.4072589;18;0;57728;0.724894358;3834;2.365271557;0.116486909
0;-23.5318732;-46.3389714;21;0;35792;0.012567324;3247;2.270047021;0.072620533
0;-23.5166235;-46.6861792;13;0;55993;0.010136159;4986;2.552151737;0.074863423
0;-23.6326127;-46.6567407;10;0;20060;0.011017732;13686;3.963486428;0.060573864
1;-23.3024018;-45.9772295;4;0;70985;0.706220734;1256;1.947062266;0.124858253
0;-23.5878106;-46.5800576;13;0;92541;0.012999595;3924;2.379871571;0.09368476
0;-23.5498747;-46.1;17;0;80815;0.025114869;11714;3.643583898;0.102003176
0;-23.5978205;-46.554705;16;0;27304;0.014327635;1307;1.955335607;0.070017485
0;-23.5105208;-46.73834;16;1;54162;0.106838648;1641;2.009517881;0.085819839
0;-23.6038379;-46.6079761;18;0;26687;0.017185107;1307;1.955335607;0.070047199
1;-23.5642515;-46.560447;8;1;42743;0.816741517;2035;2.073433498;0.112127007
0;-23.6278302;-46.6857531;17;1;20693;0.113000332;13686;3.963486428;0.075366623
0;-23.5500637;-46.1;19;0;97533;0.025117824;1402;1.970746733;0.110583321
1;-23.620559;-46.6783384;8;1;49706;0.811234909;1018;1.90845334;0.109205587
0;-23.5517729;-46.6519636;1;1;86925;0.12225241;3924;2.379871571;0.11429802
0;-23.5891523;-46.7529891;9;0;62958;0.01013434;1346;1.96166228;0.077015115
1;-23.552856;-46.654034;19;1;93625;0.822034124;3924;2.379871571;0.142650392
0;-23.5759335;-46.5469872;8;0;37648;0.015419931;6966;2.873352046;0.071445487
0;-23.5986185;-46.7420604;6;1;53445;0.112565066;1641;2.009517881;0.091456374
0;-23.5658806;-46.6252437;21;1;31110;0.119395518;14001;4.014586477;0.090231102
1;-23.6053841;-46.5939134;0;1;40504;0.813664266;17543;4.589178142;0.110856808
1;-23.5757493;-46.6093862;10;0;34007;0.718286454;2742;2.18812472;0.099176892
1;-23.620056;-46.4798637;18;1;26647;0.812119027;1307;1.955335607;0.101648932
0;-23.5757493;-46.6093862;9;1;45736;0.11828412;3913;2.378087125;0.090645188
1;-23.6330664;-46.6574631;7;0;90027;0.711017502;3924;2.379871571;0.115384048
1;-23.5423583;-46.6512925;9;1;40763;0.81828412;17543;4.589178142;0.113283406
1;-23.5731308;-46.5024878;4;1;83689;0.816793421;11714;3.643583898;0.153983667
0;-23.1026145;-46.1;22;0;29213;0.006183811;3220;2.265667017;0.064856246
0;-23.6052553;-46.6929939;4;1;28412;0.113048928;4053;2.400798258;0.101367464
1;-23.5403636;-46.6592077;13;0;77035;0.718065674;2641;2.17174026;0.117233012
0;-23.5530061;-46.559538;20;0;62825;0.024018211;1346;1.96166228;0.095245987
1;-23.6262758;-46.5859116;12;0;56491;0.713222223;2133;2.089331291;0.104276682
0;-23.5489036;-46.7500771;13;0;26710;0.021810167;1307;1.955335607;0.074801902
1;-23.6151028;-46.6680791;20;1;63414;0.810582087;1346;1.96166228;0.11811927
1;-23.5155195;-46.4600494;18;0;49463;0.711017706;1018;1.90845334;0.098006832
1;-23.6252018;-46.6452683;22;1;20535;0.80970804;13686;3.963486428;0.101973475
1;-23.554989;-46.6634687;16;0;61748;0.721816622;1346;1.96166228;0.117686169
1;-23.6249273;-46.6332812;2;1;37565;0.814156916;6966;2.873352046;0.134385196
0;-23.5183568;-46.5993645;17;1;84738;0.113661125;11714;3.643583898;0.103663695
0;-23.5726719;-46.7080409;22;1;47146;0.11631597;1018;1.90845334;0.095760335
0;-23.5462874;-46.6908079;5;0;86915;0.023428018;3924;2.379871571;0.137855181
0;-23.5526959;-46.4013513;21;0;79569;0.023140011;1095;1.920944463;0.102844578
0;-23.5832186;-46.6064532;5;0;97558;0.014397181;1402;1.970746733;0.132729662
0;-23.5597951;-46.6307886;22;1;33839;0.121382049;2742;2.18812472;0.095475504
0;-23.6130501;-46.7158037;22;0;26709;0.00970804;1307;1.955335607;0.067566892
1;-23.5870871;-46.6117987;13;1;26982;0.815642767;1307;1.955335607;0.105353895
1;-23.5431958;-46.6475772;17;1;28510;0.819387997;4053;2.400798258;0.110381926
1;-23.6048196;-46.6290467;14;0;47226;0.716962686;1018;1.90845334;0.102431327
1;-23.5656481;-46.6678068;1;1;85056;0.814543159;3924;2.379871571;0.129984342
0;-23.5954382;-46.4862355;1;1;91801;0.113001309;3924;2.379871571;0.10645161
1;-23.5170152;-46.4756423;7;1;32184;0.811237766;2742;2.18812472;0.102991395
0;-23.5633963;-46.6561558;7;1;42170;0.115422788;2035;2.073433498;0.087012157
1;-23.6240894;-46.632199;6;0;41276;0.714547445;2035;2.073433498;0.100840755
1;-23.5566396;-46.6650092;1;1;57734;0.820270031;3834;2.365271557;0.1243732
1;-23.5421816;-46.4088656;8;0;64477;0.719825217;1346;1.96166228;0.112518542
1;-23.56091737;-46.65537348;16;1;89827;0.816970807;3924;2.379871571;0.136856364
1;-23.617431;-46.6913376;20;0;74087;0.711022616;1256;1.947062266;0.110904505
1;-23.4683453;-46.5763701;13;0;99641;0.707052458;1402;1.970746733;0.115128975
1;-23.5995098;-46.7193766;0;1;61473;0.809479244;1346;1.96166228;0.115389255
1;-23.5346495;-46.7255618;21;1;83335;0.809483624;11714;3.643583898;0.12684949
1;-23.5690798;-46.1;5;1;39392;0.817701145;5776;2.680307416;0.148293719
1;-23.5942981;-46.6189528;18;0;26896;0.716083785;1307;1.955335607;0.09373337
0;-23.6441869;-46.6485258;21;1;43021;0.106179659;3913;2.378087125;0.081152067
0;-23.600784;-46.5459143;11;1;88045;0.114764073;3924;2.379871571;0.107031365
0;-23.5555113;-46.6676961;16;0;28315;0.0207153;4053;2.400798258;0.077320911
1;-23.5949241;-46.6430342;10;0;39872;0.711017732;5776;2.680307416;0.093887915
0;-23.4995768;-46.6255096;13;0;33576;0.00969563;2742;2.18812472;0.064733924
1;-23.551046;-46.6280658;4;0;97600;0.727366109;1402;1.970746733;0.15905762
1;-23.5435362;-46.6325828;14;0;31304;0.723570615;14001;4.014586477;0.102677898
1;-23.5415094;-46.683719;22;1;70521;0.81939967;1256;1.947062266;0.133924667
0;-23.64138;-46.1;21;0;28724;0.009263359;4053;2.400798258;0.066023691
1;-23.5629203;-46.1;7;0;64632;0.717625431;1346;1.96166228;0.11155024
1;-24.1578551;-46.1;2;1;59337;0.806227401;1093;1.920620018;0.135237485
0;-23.5538471;-46.6712283;17;0;40547;0.021150111;17543;4.589178142;0.080395365
0;-22.920491;-46.1;20;1;21944;0.106176801;13686;3.963486428;0.070739785
1;-23.5531163;-46.433644;6;1;49802;0.823358018;1018;1.90845334;0.12627194
0;-23.5460323;-46.7346884;14;0;59455;0.020927443;1093;1.920620018;0.087181408
1;-23.6323896;-46.7485618;2;0;93883;0.709971894;3924;2.379871571;0.141858108
1;-23.5428249;-46.6386811;18;1;42814;0.818726957;2035;2.073433498;0.115717444
1;-23.51281904;-46.60907688;4;0;86885;0.713709721;3924;2.379871571;0.139759062
1;-23.5499502;-46.6901484;22;0;81075;0.724465749;11714;3.643583898;0.131631986
1;-23.5091733;-46.6517397;10;1;36646;0.80683271;3247;2.270047021;0.100284344
0;-23.5359575;-46.6352962;7;0;46035;0.018947017;3913;2.378087125;0.080180491
1;-23.4875089;-46.6238568;21;1;21215;0.811025474;13686;3.963486428;0.101749846
1;-23.6090723;-46.6648508;14;0;25827;0.712116871;1842;2.042124579;0.088003803
0;-23.5745494;-46.6447106;4;0;23601;0.013489457;13686;3.963486428;0.087483156
1;-23.575546;-46.6695418;17;0;75369;0.714101653;2641;2.17174026;0.112596361
1;-23.476397;-46.7147874;1;1;38432;0.806613644;5776;2.680307416;0.101375897
1;-23.5338109;-46.5064985;23;0;23110;0.713669546;13686;3.963486428;0.0935422
0;-23.7231483;-46.6858855;11;1;47393;0.105512972;1018;1.90845334;0.07957433
0;-23.5408565;-46.4057406;21;1;95148;0.119175254;1902;2.051857922;0.117577856
1;-23.617431;-46.6913376;10;0;80574;0.711017732;11714;3.643583898;0.1114198
0;-23.4912502;-46.6341438;20;0;33149;0.010582087;2742;2.18812472;0.068017038
1;-23.5334877;-46.6666007;8;0;40384;0.711675437;17543;4.589178142;0.093378221
0;-23.6347293;-46.509743;20;1;69555;0.113004995;1275;1.950144491;0.098589239
1;-23.6347708;-46.5098116;5;1;59541;0.81285533;1093;1.920620018;0.151762483
1;-23.5833928;-46.6543544;23;1;42840;0.809704788;2035;2.073433498;0.11006347
0;-23.5193793;-46.6890492;5;0;96855;0.010432423;1108;1.923053354;0.128163988
0;-23.5675106;-46.6844199;21;0;94790;0.016532082;3924;2.379871571;0.102296061
0;-23.5484759;-46.7455199;1;1;80841;0.121811882;11714;3.643583898;0.11120376
0;-23.6159641;-46.6124255;12;0;97062;0.015424866;1402;1.970746733;0.099340124
1;-23.5543972;-46.6722038;6;0;43479;0.721375639;3913;2.378087125;0.109131272
0;-23.5615128;-46.6600855;8;0;95432;0.015419931;1902;2.051857922;0.096335233
0;-23.6144539;-46.6008813;1;0;93019;0.015203952;3924;2.379871571;0.097058827
1;-23.5969676;-46.5989353;3;1;43450;0.816987019;3913;2.378087125;0.124444904
0;-23.5404228;-46.4701037;13;1;86872;0.119827789;3924;2.379871571;0.11087019
1;-23.6702591;-46.7397297;21;1;64154;0.803536487;1346;1.96166228;0.112193212
0;-23.5351595;-46.5753939;0;1;72868;0.115426381;1256;1.947062266;0.101911533
0;-23.5480255;-46.7474315;0;1;49956;0.122254575;1018;1.90845334;0.099384073
1;-23.6337358;-46.6575524;12;1;42654;0.810799315;2035;2.073433498;0.107997161
0;-23.4441316;-46.7250605;15;0;41074;0.00155025;2035;2.073433498;0.061254156
1;-23.6244358;-46.6350765;3;1;75907;0.814123583;2641;2.17174026;0.13534662
0;-23.6540424;-46.7078918;15;1;46769;0.106396065;3913;2.378087125;0.081203057
1;-23.5889449;-46.7192554;8;1;80721;0.80771068;11714;3.643583898;0.118775703
0;-23.58082187;-46.6373223;12;1;75200;0.115865394;2641;2.17174026;0.102682669
1;-23.5562633;-46.6307889;13;0;87842;0.724673604;3924;2.379871571;0.12899277
0;-23.552092;-46.6362945;12;0;53173;0.026217817;1641;2.009517881;0.092039945
0;-23.4832382;-46.5986055;4;1;49460;0.111066549;1018;1.90845334;0.108302198
0;-23.5576033;-46.3990957;5;0;67553;0.020564581;6564;2.80813865;0.126436502
0;-23.5540468;-46.6544244;19;1;63970;0.121593595;1346;1.96166228;0.104622939
0;-23.5559911;-46.6565675;13;1;91814;0.120708846;3924;2.379871571;0.1139462
0;-23.6325142;-46.6228071;6;0;51794;0.015428502;2829;2.202238067;0.081538281
1;-23.4856629;-46.6993942;4;0;39101;0.707982849;5776;2.680307416;0.11301922
1;-23.5610147;-46.5431516;23;1;96866;0.818735625;1108;1.923053354;0.143044364
1;-23.6414652;-46.1;0;1;43618;0.80925898;3913;2.378087125;0.107461608
0;-23.5610147;-46.5431516;20;1;32749;0.118731867;2742;2.18812472;0.08889298
0;-23.5741159;-46.7146119;22;1;47056;0.115434912;1018;1.90845334;0.094774265
1;-23.6441794;-46.7340996;7;0;66239;0.705290629;1346;1.96166228;0.098980187
1;-23.2597579;-46.7335664;4;1;87782;0.804238355;3924;2.379871571;0.142247602
0;-23.5853149;-46.6767535;19;1;82843;0.111461437;11714;3.643583898;0.101858261
1;-23.5939793;-46.6893669;13;0;22324;0.712999595;13686;3.963486428;0.088219928
0;-23.59118641;-46.73250607;22;0;69941;0.010589097;1275;1.950144491;0.087135847
1;-23.5527639;-46.7340718;21;1;87350;0.82049684;3924;2.379871571;0.140420195
1;-23.58544;-46.5412841;9;1;90990;0.812116719;3924;2.379871571;0.128286943
1;-23.6342777;-46.6577457;11;0;60987;0.710799315;13168;3.879455236;0.103608195
0;-23.624942;-46.7069922;16;0;21718;0.010803406;13686;3.963486428;0.06382217
0;-23.663084;-46.6747042;16;0;36142;0.005737327;3247;2.270047021;0.064588136
0;-23.5949341;-46.5977357;11;1;75089;0.107935879;2641;2.17174026;0.094109126
0;-23.5730839;-46.7306322;22;0;93674;0.011470155;3924;2.379871571;0.098305848
0;-23.6529222;-46.6379756;5;0;42616;0.00977163;2035;2.073433498;0.104090729
1;-23.6245045;-46.5977962;12;1;77033;0.811680372;2641;2.17174026;0.123752796
0;-23.4673363;-46.60597;1;0;35245;0.009697344;3247;2.270047021;0.066252741
0;-23.5427695;-46.5509798;19;0;66351;0.020272009;1346;1.96166228;0.091941889
0;-23.5849227;-46.5715116;2;0;39080;0.011734009;5776;2.680307416;0.095366722
1;-23.5269896;-46.6590663;10;1;24513;0.80837456;13686;3.963486428;0.096715985
1;-23.590447;-46.6805031;9;0;87282;0.711896455;3924;2.379871571;0.114167261
0;-23.5453694;-46.6461104;12;0;65347;0.020931474;1346;1.96166228;0.091599925
1;-23.5763618;-46.1;7;1;20734;0.814761995;13686;3.963486428;0.101848662
0;-23.538903;-46.4698525;18;1;81266;0.118506692;11714;3.643583898;0.107263067
1;-23.5566396;-46.6650092;23;1;99976;0.820277475;1402;1.970746733;0.14604174
0;-23.5500917;-46.6280673;1;1;48345;0.127759018;1018;1.90845334;0.103600807
1;-23.5497615;-46.6259096;17;0;69846;0.728198569;1275;1.950144491;0.125374252
1;-23.6030072;-46.4777487;23;0;33344;0.714550603;2742;2.18812472;0.098897673
0;-23.6030072;-46.4777487;22;0;85645;0.014553855;3924;2.379871571;0.098163017
1;-23.2620365;-45.9000556;11;1;56535;0.806834557;2133;2.089331291;0.109713366
1;-23.5868709;-46.5830184;22;1;65406;0.812791741;1346;1.96166228;0.124616667
1;-23.5410799;-46.4450894;21;0;96495;0.719395518;1108;1.923053354;0.130889481
1;-23.5388413;-46.6071817;16;1;34511;0.821376093;2742;2.18812472;0.117766196
1;-23.5726719;-46.7080409;1;0;75639;0.716305274;2641;2.17174026;0.115537011
1;-23.5619562;-46.6332431;12;0;73103;0.720270681;1256;1.947062266;0.119010525
0;-23.5894979;-46.6646751;6;0;83593;0.010802952;11714;3.643583898;0.090261966
0;-23.5927129;-46.1;5;1;87057;0.113516123;3924;2.379871571;0.139544863
0;-23.5692361;-46.1;0;0;33069;0.017629024;2742;2.18812472;0.074851182
0;-23.6288586;-46.6206534;14;0;41770;0.016522157;2035;2.073433498;0.074827295
1;-23.63425018;-46.72597062;14;0;96369;0.707271056;1108;1.923053354;0.113178731
0;-23.6096688;-46.6628254;13;1;67055;0.111678009;6564;2.80813865;0.093571705
1;-23.6322458;-46.72194009;17;1;37071;0.807273459;6966;2.873352046;0.101044048
1;-23.63223143;-46.72189567;3;0;74814;0.707295389;1256;1.947062266;0.115248541
0;-23.553197;-46.6755822;8;1;68495;0.122688653;1275;1.950144491;0.104833387
1;-23.6033863;-46.6490152;17;0;22107;0.712559803;13686;3.963486428;0.08799663
0;-23.5338478;-46.7138738;22;1;83904;0.113012005;11714;3.643583898;0.108041003
0;-23.6803268;-46.6793727;19;0;53287;0.005954829;1641;2.009517881;0.070921051
0;-23.6129626;-46.59605333;23;1;69911;0.111466902;1275;1.950144491;0.0988383
1;-23.6301551;-46.6637545;12;0;57397;0.711900637;3834;2.365271557;0.103245976
0;-23.6594846;-46.6148836;19;0;86848;0.009699322;3924;2.379871571;0.089403078
1;-23.5556253;-46.1;3;0;27446;0.722493627;1307;1.955335607;0.111186344
0;-23.5557044;-46.663857;10;1;55444;0.120709362;4986;2.552151737;0.098521105
0;-23.559767;-46.6847693;3;1;36298;0.118088341;3247;2.270047021;0.097768121
0;-23.6350318;-46.1;8;0;39427;0.01233623;5776;2.680307416;0.068896207
1;-23.5662891;-46.7030742;8;0;94922;0.716741517;3924;2.379871571;0.122316788
1;-23.5346199;-46.686575;21;1;36771;0.814109174;3247;2.270047021;0.111765963
1;-23.4679244;-46.5886425;16;1;38385;0.807058913;5776;2.680307416;0.104041193
0;-23.6519372;-46.6680104;11;1;52492;0.105292707;1641;2.009517881;0.081533836
1;-23.63433033;-46.73911277;18;1;32785;0.809916384;2742;2.18812472;0.101924541
1;-23.6108695;-46.6299262;22;1;47078;0.814994384;1018;1.90845334;0.119090366
1;-23.5808299;-46.7347271;14;0;68448;0.710575021;1275;1.950144491;0.104704492
0;-23.5702969;-46.7411777;20;0;43216;0.014767109;3913;2.378087125;0.076852965
0;-23.5463279;-46.642948;13;0;77557;0.022250696;2641;2.17174026;0.097177273
0;-23.5445645;-46.6490931;8;1;65490;0.120265746;1346;1.96166228;0.100933935
1;-23.6293643;-46.5985616;8;1;47772;0.816300988;1018;1.90845334;0.113819535
0;-23.5689019;-46.6498022;10;1;68038;0.115863547;1275;1.950144491;0.098735646
0;-23.7122131;-46.5941751;11;1;21842;0.106394029;13686;3.963486428;0.069515855
0;-23.7506844;-46.6698366;10;0;76042;0.004409802;2641;2.17174026;0.077582645
1;-23.6427496;-46.6496519;7;0;40863;0.706391951;17543;4.589178142;0.089233917
0;-23.5575843;-46.6548925;22;0;70609;0.018738877;1256;1.947062266;0.096186137
0;-23.2600065;-46.7336144;18;0;70539;0.004189512;1256;1.947062266;0.074963182
1;-23.5139133;-46.4337453;11;0;47990;0.711019579;1018;1.90845334;0.098246723
0;-23.5439071;-46.6474329;16;0;28519;0.01917345;4053;2.400798258;0.075751
1;-23.7406968;-46.1;23;1;71195;0.806180559;1256;1.947062266;0.118487823
1;-23.6826164;-46.6776059;12;0;92012;0.706173765;3924;2.379871571;0.111998488
0;-23.2597447;-46.7335343;4;0;56984;0.004238355;2133;2.089331291;0.091915786
0;-23.6160466;-46.6980564;14;0;61961;0.012116871;1346;1.96166228;0.078787802
1;-23.5685404;-46.6927991;22;1;79297;0.816095705;1095;1.920944463;0.134152433
1;-23.510426;-46.6090571;3;0;21061;0.712361468;13686;3.963486428;0.097542094
0;-23.6160466;-46.6980564;3;1;97708;0.112141204;1402;1.970746733;0.117825424
0;-23.63339928;-46.71185054;20;0;49652;0.011903673;1018;1.90845334;0.076546457
0;-23.5492138;-46.6771844;21;0;42034;0.023800804;2035;2.073433498;0.087387317
0;-23.5492716;-46.6334104;2;1;71871;0.12759304;1256;1.947062266;0.138828184
1;-23.5573685;-46.5456806;14;1;87846;0.820486915;3924;2.379871571;0.136002787
1;-23.5875672;-46.4828788;21;0;34571;0.713007853;2742;2.18812472;0.09734853
1;-23.5668551;-46.1;4;0;34342;0.71723395;2742;2.18812472;0.120916025
1;-23.5548725;-46.6552152;4;1;59305;0.821639236;1093;1.920620018;0.148690728
0;-23.6100403;-46.4846457;16;1;42448;0.113006049;2035;2.073433498;0.087405302
1;-23.5792587;-46.672958;18;1;29692;0.811898763;3220;2.265667017;0.102723702
1;-23.7761348;-46.6883043;11;1;34357;0.805512972;2742;2.18812472;0.09873951
0;-23.6928938;-46.7018157;5;1;33605;0.106247401;2742;2.18812472;0.108705819
1;-23.5921478;-46.5987757;20;0;33505;0.716088695;2742;2.18812472;0.098871303
1;-23.4905927;-46.620549;19;1;70912;0.81058038;1256;1.947062266;0.120552102
1;-23.5164223;-46.5540421;20;0;84078;0.710582087;11714;3.643583898;0.114734353
0;-23.5873912;-46.5904155;13;0;61258;0.012999595;1346;1.96166228;0.080209993
1;-23.5517382;-46.691224;0;0;30023;0.723355896;14001;4.014586477;0.104476904
0;-23.5994921;-46.604648;18;1;97497;0.117405371;1402;1.970746733;0.113070241
0;-23.5317542;-46.6621652;11;0;36560;0.010579051;3247;2.270047021;0.068069463
1;-23.5314481;-46.6626499;3;1;48184;0.810599354;1018;1.90845334;0.119616066
0;-23.5466064;-46.6448517;11;0;30986;0.02225306;14001;4.014586477;0.078220302
0;-23.5369399;-46.5284023;17;1;83346;0.118066411;11714;3.643583898;0.107800626
0;-23.5848145;-46.6422742;19;1;64539;0.109919587;1346;1.96166228;0.092316257
0;-23.55977488;-46.63051969;20;1;36046;0.121375039;3247;2.270047021;0.093155033
1;-23.6837876;-46.7385533;4;0;68895;0.704238355;1275;1.950144491;0.121826578
0;-23.53553906;-46.66452243;16;1;34544;0.113666842;2742;2.18812472;0.084711229
0;-23.54297379;-46.67335415;16;0;32298;0.018732922;2742;2.18812472;0.076905106
0;-23.5460323;-46.7346884;15;1;91640;0.12093351;3924;2.379871571;0.116161194
1;-23.6133652;-46.6972697;17;0;92786;0.711678746;3924;2.379871571;0.117493435
0;-23.5411257;-46.6350084;2;1;25366;0.122086432;1842;2.042124579;0.112876082
0;-23.4985953;-46.7086347;14;1;56596;0.106169734;2133;2.089331291;0.082368277
0;-23.63101885;-46.64670904;15;0;31974;0.011902673;14001;4.014586477;0.068465258
0;-23.5447843;-46.6470102;12;0;56872;0.020711209;2133;2.089331291;0.087712597
0;-23.5511283;-46.6500645;4;1;33772;0.122740558;2742;2.18812472;0.114096556
1;-23.5599086;-46.6304096;19;0;48265;0.721373331;1018;1.90845334;0.110115973
1;-23.5698575;-46.730922;3;1;54549;0.812581733;1641;2.009517881;0.124489144
1;-23.5685979;-46.6474964;4;0;66052;0.715251571;1346;1.96166228;0.132443285
1;-23.5472021;-46.6431479;13;1;54349;0.822911489;1641;2.009517881;0.124957147
1;-23.5431477;-46.4513592;21;1;28461;0.820937368;4053;2.400798258;0.115528135
1;-23.6099249;-46.626137;22;1;83481;0.816095705;11714;3.643583898;0.135954639
1;-23.5352025;-46.7172848;3;0;38783;0.71037909;5776;2.680307416;0.103044194
1;-23.5414257;-46.6073124;3;0;43359;0.722493627;3913;2.378087125;0.118040672
0;-23.5314481;-46.6626499;6;0;74369;0.010582687;1256;1.947062266;0.086052015
0;-23.5543643;-46.5931879;6;0;72217;0.023137753;1256;1.947062266;0.098624142
1;-23.6054617;-46.4769595;10;1;43633;0.813660904;3913;2.378087125;0.11063551
1;-23.5481432;-46.1;8;0;42217;0.724450768;2035;2.073433498;0.107903664
0;-23.5283202;-46.6697279;13;1;68713;0.10969563;1275;1.950144491;0.092154435
1;-23.5088938;-46.4843199;8;0;32283;0.708591737;2742;2.18812472;0.086573253
0;-23.5198717;-46.7007208;9;1;26898;0.11013434;1307;1.955335607;0.073768395
1;-23.5668629;-46.6586004;3;0;96620;0.715445169;1108;1.923053354;0.133403764
0;-23.5515272;-46.646341;4;1;93977;0.122740558;3924;2.379871571;0.140029119
1;-23.6054617;-46.4769595;3;0;31211;0.713683054;14001;4.014586477;0.103335036
0;-23.5214714;-46.6660569;16;1;39159;0.10948182;5776;2.680307416;0.082199392
0;-23.5512812;-46.6284138;19;1;99018;0.127100203;1402;1.970746733;0.12564008
0;-23.5515272;-46.646341;2;0;61654;0.022747225;1346;1.96166228;0.116931487
0;-23.5418133;-46.7425041;3;0;74472;0.016987019;1256;1.947062266;0.100741291
1;-23.6017987;-46.6184907;6;1;81715;0.816750088;11714;3.643583898;0.132913296
0;-23.60987557;-46.6446364;22;0;34437;0.011690419;2742;2.18812472;0.073027066
0;-23.6188474;-46.6350832;10;1;32361;0.11498249;2742;2.18812472;0.082420914
1;-23.5322066;-46.6633421;11;0;88384;0.710799315;3924;2.379871571;0.115409115
1;-23.6048918;-46.6131588;8;0;49940;0.716741517;1018;1.90845334;0.102941346
0;-23.5690657;-46.1;23;0;21950;0.017634303;13686;3.963486428;0.072525134
1;-23.5633853;-46.6121524;10;0;80434;0.719828305;11714;3.643583898;0.120832531
1;-23.446748;-46.7377018;2;0;96166;0.704685551;1108;1.923053354;0.137157661
0;-23.4678051;-46.6601524;18;0;28557;0.005290833;4053;2.400798258;0.058064082
1;-23.4474471;-46.5968665;0;0;88885;0.702871315;3924;2.379871571;0.107806179
1;-23.5420791;-46.6846996;17;0;63858;0.719387997;1346;1.96166228;0.11332196
1;-23.5707703;-46.7063088;21;0;71089;0.716532082;1256;1.947062266;0.116867423
0;-23.60676108;-46.60785349;5;0;88682;0.015939031;3924;2.379871571;0.130564215
1;-23.5417843;-46.6399751;18;0;62609;0.717845899;1346;1.96166228;0.111010912
0;-23.5666886;-46.7118488;9;0;83632;0.016962534;11714;3.643583898;0.093261788
1;-23.5314481;-46.6626499;5;1;33378;0.810652687;2742;2.18812472;0.138124835
1;-23.4541607;-46.5818078;20;1;53795;0.808379444;1641;2.009517881;0.111607746
1;-23.60680347;-46.60789613;22;0;69775;0.715875441;1275;1.950144491;0.117528442
0;-23.5756628;-46.1;12;0;93755;0.01564513;3924;2.379871571;0.0981525
1;-23.4558789;-46.7398978;13;1;59406;0.805510608;1093;1.920620018;0.108426144
0;-23.4572132;-46.7444713;13;0;73614;0.005510608;1256;1.947062266;0.077480108
0;-23.6200209;-46.634692;16;1;55693;0.114988428;4986;2.552151737;0.095241856
1;-23.5921505;-46.5884878;23;1;43989;0.813449281;3913;2.378087125;0.114584427
0;-23.4574013;-46.739965;10;0;43470;0.005511124;3913;2.378087125;0.064736786
0;-23.4550221;-46.7460511;6;1;98031;0.105516608;1402;1.970746733;0.103082816
1;-23.4532482;-46.7434436;5;0;36711;0.706027137;3247;2.270047021;0.122301459
1;-23.2056953;-45.9006928;0;1;20066;0.80617528;13686;3.963486428;0.094001312
1;-22.9318914;-46.1;8;1;79200;0.806168829;1095;1.920944463;0.116462769
0;-23.5495141;-46.6323892;16;0;66649;0.02732323;1346;1.96166228;0.100937585
1;-23.5603959;-46.6623983;21;0;64493;0.71697261;1346;1.96166228;0.114499929
0;-23.5823512;-46.749798;9;1;71226;0.109914076;1256;1.947062266;0.092625309
0;-23.5818146;-46.6512021;17;1;63313;0.11035716;1346;1.96166228;0.090882753
1;-23.5737655;-46.7478835;21;1;69456;0.813448381;1275;1.950144491;0.125134147
0;-23.5740498;-46.7000471;3;1;78660;0.115445169;1095;1.920944463;0.11317312
0;-23.5729387;-46.7105963;1;0;28719;0.016085009;4053;2.400798258;0.070309697
0;-23.6030574;-46.6084897;7;0;67463;0.017405167;6564;2.80813865;0.087752557
0;-23.63454788;-46.73622632;18;0;27912;0.010356913;1307;1.955335607;0.063233251
1;-23.5740461;-46.7067418;21;1;63068;0.81543076;1346;1.96166228;0.124514027
0;-23.4587353;-46.7487582;0;0;62667;0.005514487;1346;1.96166228;0.074574733
0;-23.4900341;-46.7185564;20;1;88816;0.102872836;3924;2.379871571;0.095991688
0;-23.6157666;-46.667474;7;1;77429;0.111017502;2641;2.17174026;0.097463019
1;-23.5735199;-46.7225179;11;0;46655;0.711239844;3913;2.378087125;0.097908514
0;-23.544698;-46.6021147;18;0;29729;0.024674093;3220;2.265667017;0.079409583
0;-23.5573903;-46.6645418;4;1;27898;0.1187758;1307;1.955335607;0.107303538
0;-23.550975;-46.7056628;16;0;40078;0.024019265;17543;4.589178142;0.085940066
1;-23.6104767;-46.6076671;23;1;50097;0.81543166;61740;11.7589206;0.119346806
0;-23.5512542;-46.6780091;21;1;80414;0.123800804;11714;3.643583898;0.11620471
0;-23.6200636;-46.6068534;7;0;20173;0.014761995;13686;3.963486428;0.064541061
0;-23.5577881;-46.5153754;13;1;69840;0.120488581;1275;1.950144491;0.104244344
1;-23.5283285;-46.6696784;8;0;36838;0.709693059;3247;2.270047021;0.089719393
1;-23.6391649;-46.6075501;6;1;61930;0.815208238;1346;1.96166228;0.12273337
0;-23.4541055;-46.7490298;9;1;91489;0.105729054;3924;2.379871571;0.096853655
1;-23.5235466;-46.6554861;4;0;94954;0.708423377;3924;2.379871571;0.137550863
0;-23.5162395;-46.6240188;2;1;40195;0.113275859;17543;4.589178142;0.109790456
0;-23.5665118;-46.6050304;15;1;87439;0.120052453;3924;2.379871571;0.113404362
1;-23.5936196;-46.6838969;3;1;26446;0.813022261;1307;1.955335607;0.112857775
0;-23.4954705;-46.5774708;17;1;22799;0.107713988;13686;3.963486428;0.070589936
0;-23.5567234;-46.460519;11;0;75734;0.022032795;2641;2.17174026;0.097258126
1;-23.5326373;-46.1;18;0;89776;0.712559556;3924;2.379871571;0.117028942
0;-23.6204119;-46.6191558;8;1;55333;0.114538874;4986;2.552151737;0.09040146
1;-23.5745444;-46.6458208;1;0;57584;0.713441838;3834;2.365271557;0.104681306
0;-23.5711206;-46.6447663;21;1;68118;0.11543076;1275;1.950144491;0.101908977
1;-23.5540339;-46.6707983;6;1;29618;0.821595903;3220;2.265667017;0.115683324
1;-23.6224685;-46.6843365;12;0;27911;0.711680372;1307;1.955335607;0.090308418
1;-23.4886747;-46.6372394;8;0;97507;0.71079438;1402;1.970746733;0.117035947
1;-23.4908887;-46.6225919;1;1;89235;0.810578402;3924;2.379871571;0.127521529
1;-23.6326058;-46.7129046;14;0;26928;0.712116871;1307;1.955335607;0.088478045
1;-23.4590323;-46.6000673;15;0;82315;0.710801352;11714;3.643583898;0.113745171
1;-23.5034465;-46.6052523;12;1;88720;0.810358787;3924;2.379871571;0.127365872
1;-23.5435655;-46.6417121;6;1;77390;0.819172996;2641;2.17174026;0.13365544
1;-23.5239787;-46.5371725;16;1;88431;0.809922349;3924;2.379871571;0.128676627
1;-23.5961409;-46.6509751;16;1;56621;0.812345256;2133;2.089331291;0.117579946
1;-23.5542125;-46.6431974;18;1;44024;0.821370129;2422;2.136213559;0.119080547
1;-23.5365347;-46.6283521;10;1;67421;0.819828305;6564;2.80813865;0.127513023
1;-23.5239787;-46.5371725;3;0;44276;0.709938561;2422;2.136213559;0.104936584
0;-23.6277304;-46.6008682;8;0;60446;0.016080724;13168;3.879455236;0.081975922
0;-23.6223125;-46.5855199;20;0;56308;0.012123937;2133;2.089331291;0.079650273
0;-23.5450938;-46.6261914;10;1;75679;0.125334913;2641;2.17174026;0.112210425
0;-23.6327989;-46.7102806;11;0;32083;0.012120901;2742;2.18812472;0.067798832
1;-23.5352723;-46.6330863;4;0;20506;0.718335272;13686;3.963486428;0.116140468
1;-23.607765;-46.6110931;1;1;21059;0.815864745;13686;3.963486428;0.103839378
1;-23.6457209;-46.7283548;21;1;71678;0.802875694;1256;1.947062266;0.114723604
1;-23.5673566;-46.6739467;14;1;40366;0.8156411;17543;4.589178142;0.110341192
0;-23.5502101;-46.7414689;7;0;25610;0.022030717;1842;2.042124579;0.074698236
0;-23.1829653;-45.7986982;23;0;60839;0.006180559;13168;3.879455236;0.076961146
0;-23.5704465;-46.7002132;13;0;27992;0.016303559;1307;1.955335607;0.069433461
1;-23.6436008;-46.7339895;4;1;35528;0.805339677;3247;2.270047021;0.120923964
1;-23.5540387;-46.6793634;8;1;64333;0.822688653;1346;1.96166228;0.127820932
1;-23.5489525;-46.6423216;11;1;90461;0.822693588;3924;2.379871571;0.141378035
1;-23.5441102;-46.1;7;0;92450;0.72114966;3924;2.379871571;0.127321715
1;-23.62802429;-46.74411685;5;1;40920;0.811093216;17543;4.589178142;0.14184711
0;-23.5666106;-46.6864311;3;0;47991;0.016987019;1018;1.90845334;0.089334927
1;-23.5462762;-46.6216128;3;0;55379;0.726678649;4986;2.552151737;0.127717831
1;-23.5562633;-46.6307889;3;1;96929;0.82469627;1108;1.923053354;0.15576923
1;-23.6342546;-46.6640217;6;0;73847;0.710802952;1256;1.947062266;0.110844272
0;-23.5480645;-46.5340038;22;0;96232;0.024906278;1108;1.923053354;0.113854053
0;-23.6152317;-46.4999303;22;0;48311;0.012351212;1018;1.90845334;0.079713598
0;-23.6937574;-46.4462377;18;1;62325;0.106832684;1346;1.96166228;0.086552694
0;-23.4813312;-46.6029394;3;1;70739;0.110599354;1256;1.947062266;0.104551078
1;-23.5692479;-46.6271846;15;0;25574;0.720272717;1842;2.042124579;0.099488196
0;-23.5252005;-46.6778836;6;0;93540;0.009481366;3924;2.379871571;0.093125558
0;-23.5566425;-46.6650898;20;0;91995;0.020273717;3924;2.379871571;0.103784565
0;-23.6210672;-46.5899668;12;1;35476;0.11256143;3247;2.270047021;0.082019657
0;-23.609207;-46.7400559;5;1;36247;0.11131348;3247;2.270047021;0.115290823
0;-23.5491927;-46.6551735;2;0;30409;0.022747225;14001;4.014586477;0.103473089
1;-23.5938354;-46.4896941;10;0;50160;0.713881168;61740;11.7589206;0.10139808
1;-23.5681074;-46.6993258;13;0;74184;0.716303559;1256;1.947062266;0.114110372
1;-23.6394305;-46.6396024;10;0;60992;0.710136675;13168;3.879455236;0.102037791
1;-23.9584491;-46.3762393;21;0;59324;0.706179659;1093;1.920620018;0.100668978
0;-23.5776071;-46.602417;3;0;72198;0.016326226;1256;1.947062266;0.099051316
1;-23.4846961;-46.389509;19;1;77738;0.808818265;2641;2.17174026;0.121597711
1;-23.56288733;-46.75008711;18;1;33975;0.814982463;2742;2.18812472;0.107884114
1;-23.5470173;-46.1;1;1;93404;0.824014525;3924;2.379871571;0.143763652
0;-23.5323703;-46.6866738;3;0;40914;0.01192094;17543;4.589178142;0.080839601
1;-23.4846961;-46.389509;3;0;25170;0.708837239;1842;2.042124579;0.095522781
0;-23.4846961;-46.389509;20;1;30734;0.108819973;14001;4.014586477;0.07736788
1;-23.4846961;-46.389509;3;0;33799;0.708837239;2742;2.18812472;0.099239616
0;-23.4846961;-46.389509;20;1;83655;0.108819973;11714;3.643583898;0.100162949
1;-23.4846961;-46.389509;6;0;47211;0.708820573;1018;1.90845334;0.097239711
1;-23.4846961;-46.389509;5;0;20199;0.708890573;13686;3.963486428;0.118267855
0;-23.4846961;-46.389509;5;0;56278;0.008890573;2133;2.089331291;0.109028164
1;-23.4846961;-46.389509;20;1;38210;0.808819973;5776;2.680307416;0.105368351
1;-23.4846961;-46.389509;2;1;49909;0.808870573;1018;1.90845334;0.134018401
0;-23.4846961;-46.389509;14;1;25704;0.108812906;1842;2.042124579;0.071903839
1;-23.4846961;-46.389509;21;1;54101;0.808822831;1641;2.009517881;0.113546827
1;-23.4846961;-46.389509;0;0;42993;0.708818451;2035;2.073433498;0.094433064
0;-23.4846961;-46.389509;6;1;29695;0.108820573;3220;2.265667017;0.077200314
0;-23.4846961;-46.389509;12;1;74772;0.108816936;1256;1.947062266;0.094919885
0;-23.4846961;-46.389509;14;0;58522;0.008812906;2838;2.203698068;0.073754107
0;-23.4846961;-46.389509;1;0;23293;0.008816287;13686;3.963486428;0.060157261
1;-23.4846961;-46.389509;23;1;68548;0.808823731;1275;1.950144491;0.120189571
1;-23.4846961;-46.389509;7;1;33803;0.808814858;2742;2.18812472;0.101083674
0;-23.4846961;-46.389509;12;1;95029;0.108816936;1902;2.051857922;0.103645339
0;-23.4846961;-46.389509;8;1;32309;0.108812001;2742;2.18812472;0.074326683
1;-23.4846961;-46.389509;16;1;20343;0.808821027;13686;3.963486428;0.09816443
1;-23.4846961;-46.389509;16;0;28681;0.708821027;4053;2.400798258;0.08947024
0;-23.4846961;-46.389509;20;1;42686;0.108819973;2035;2.073433498;0.082516057
1;-23.4846961;-46.389509;20;0;53872;0.708819973;1641;2.009517881;0.099828884
1;-23.4846961;-46.389509;22;0;97132;0.708826983;1402;1.970746733;0.121733705
1;-23.4846961;-46.389509;15;1;23911;0.808818973;13686;3.963486428;0.098742615
1;-23.4846961;-46.389509;6;0;59671;0.708820573;1093;1.920620018;0.102606702
1;-23.4846961;-46.389509;10;1;29377;0.808815089;3220;2.265667017;0.099284745
0;-23.4846961;-46.389509;18;1;85377;0.108815062;3924;2.379871571;0.098613492
1;-23.4846961;-46.389509;15;0;32708;0.708818973;2742;2.18812472;0.090246134
0;-23.4846961;-46.389509;14;0;98491;0.008812906;1402;1.970746733;0.090970261
1;-23.4846961;-46.389509;10;0;77733;0.708815089;2641;2.17174026;0.107827816
0;-23.4846961;-46.389509;4;1;83386;0.108863906;11714;3.643583898;0.120547146
1;-23.4846961;-46.389509;7;1;46253;0.808814858;3913;2.378087125;0.106446359
1;-23.4846961;-46.389509;7;0;38804;0.708814858;5776;2.680307416;0.090952113
1;-23.4846961;-46.389509;22;0;81152;0.708826983;11714;3.643583898;0.114850517
1;-23.4846961;-46.389509;18;0;43004;0.708815062;3913;2.378087125;0.092856439
1;-23.4846961;-46.389509;23;0;67479;0.708823731;6564;2.80813865;0.107443431
1;-23.4846961;-46.389509;14;0;25334;0.708812906;1842;2.042124579;0.084239061
0;-23.4846961;-46.389509;3;0;87827;0.008837239;3924;2.379871571;0.097731236
1;-23.4846961;-46.389509;15;0;32616;0.708818973;2742;2.18812472;0.090206506
0;-23.4846961;-46.389509;19;0;56675;0.008818265;2133;2.089331291;0.075459126
1;-23.4846961;-46.389509;16;1;40224;0.808821027;17543;4.589178142;0.106727926
0;-23.4846961;-46.389509;9;0;27758;0.008812755;1307;1.955335607;0.060432193
1;-23.4846961;-46.389509;1;1;26885;0.808816287;1307;1.955335607;0.098770428
0;-23.4846961;-46.389509;22;1;93233;0.108826983;3924;2.379871571;0.107559663
1;-23.5730839;-46.7306322;10;0;54205;0.711458261;1641;2.009517881;0.10053533
0;-23.6529222;-46.6379756;7;0;50387;0.009695916;61740;11.7589206;0.072108375
0;-23.6245045;-46.5977962;19;0;30498;0.011681701;14001;4.014586477;0.067262442
1;-23.4673363;-46.60597;0;0;46571;0.709699509;3913;2.378087125;0.096921547
1;-23.5427695;-46.5509798;14;0;86087;0.720266651;3924;2.379871571;0.122722612
0;-23.5849227;-46.5715116;4;0;29073;0.011727342;3220;2.265667017;0.087945546
1;-23.5420791;-46.6846996;17;0;82960;0.719387997;11714;3.643583898;0.121549912
0;-23.5707703;-46.7063088;3;0;52036;0.01654649;1641;2.009517881;0.090603609
0;-23.60676108;-46.60785349;17;1;86222;0.115863768;3924;2.379871571;0.106671169
0;-23.5417843;-46.6399751;11;1;29177;0.117847773;3220;2.265667017;0.084990261
1;-23.5666886;-46.7118488;0;0;24592;0.716968231;13686;3.963486428;0.095269617
0;-23.5314481;-46.6626499;22;0;68774;0.010589097;1275;1.950144491;0.086633176
0;-23.5352723;-46.6330863;3;1;63732;0.118308605;1346;1.96166228;0.109821805
1;-23.607765;-46.6110931;11;0;44364;0.715865394;2422;2.136213559;0.101895037
1;-23.6457209;-46.7283548;9;1;25435;0.802865618;1842;2.042124579;0.090103248
0;-23.5673566;-46.6739467;21;1;57393;0.115651025;3834;2.365271557;0.097526141
1;-23.5502101;-46.7414689;13;0;68551;0.722030432;1275;1.950144491;0.117841499
1;-23.1829653;-45.7986982;8;1;81967;0.806168829;11714;3.643583898;0.117654621
0;-23.5704465;-46.7002132;0;0;49888;0.016307438;1018;1.90845334;0.080674804
1;-23.6436008;-46.7339895;17;0;80849;0.70529108;11714;3.643583898;0.105483769
0;-23.5540387;-46.6793634;18;1;24777;0.122691714;13686;3.963486428;0.087430818
1;-23.5489525;-46.6423216;14;1;61866;0.822689558;1346;1.96166228;0.12718048
1;-23.5441102;-46.1;5;1;83532;0.821225374;11714;3.643583898;0.171095694
0;-23.62802429;-46.74411685;6;1;28196;0.111023216;4053;2.400798258;0.078922897
0;-23.5666106;-46.6864311;20;1;84532;0.116969752;11714;3.643583898;0.109303263
1;-23.5462762;-46.6216128;11;0;30536;0.726658346;14001;4.014586477;0.107543264
0;-23.5562633;-46.6307889;21;1;98385;0.124681862;1402;1.970746733;0.124892801
1;-23.6342546;-46.6640217;5;0;76308;0.710872952;2641;2.17174026;0.144567548
1;-23.5480645;-46.5340038;4;1;30313;0.824943201;14001;4.014586477;0.139755169
0;-23.6152317;-46.4999303;21;1;64557;0.11234706;1346;1.96166228;0.097059558
1;-23.6937574;-46.4462377;22;0;92241;0.706844604;3924;2.379871571;0.117495534
0;-23.4813312;-46.6029394;22;0;81761;0.010589097;11714;3.643583898;0.092227167
0;-23.5692479;-46.6271846;16;0;42253;0.020274772;2035;2.073433498;0.082850881
1;-23.5252005;-46.6778836;15;1;86961;0.809479766;3924;2.379871571;0.126611104
0;-23.5566425;-46.6650898;2;1;37628;0.120324317;6966;2.873352046;0.11626318
1;-23.6210672;-46.5899668;2;1;92012;0.812615066;3924;2.379871571;0.156179789
0;-23.609207;-46.7400559;1;0;95077;0.011239194;1902;2.051857922;0.093682419
1;-23.5491927;-46.6551735;10;1;52211;0.822691741;1641;2.009517881;0.124040239
1;-23.5938354;-46.4896941;17;0;72482;0.713881389;1256;1.947062266;0.111115996
1;-23.5681074;-46.6993258;1;1;22868;0.816305274;13686;3.963486428;0.105092234
1;-23.6394305;-46.6396024;20;1;87439;0.810141559;3924;2.379871571;0.127994092
1;-23.9584491;-46.3762393;12;0;23893;0.706173765;13686;3.963486428;0.082657068
0;-23.5776071;-46.602417;15;0;97806;0.016307959;1402;1.970746733;0.101558099
0;-23.4846961;-46.389509;9;0;49498;0.008812755;1018;1.90845334;0.069796431
1;-23.56288733;-46.75008711;1;1;42399;0.814983688;2035;2.073433498;0.112084016
1;-23.5470173;-46.1;10;1;78479;0.824013327;1095;1.920944463;0.136775812
1;-23.5323703;-46.6866738;19;1;47126;0.811901965;1018;1.90845334;0.111727531
1;-23.4846961;-46.389509;10;0;40351;0.708815089;17543;4.589178142;0.091725979
1;-23.4846961;-46.389509;0;1;96759;0.808818451;1108;1.923053354;0.129877787
1;-23.4846961;-46.389509;20;0;80183;0.708819973;11714;3.643583898;0.111162023
0;-23.4846961;-46.389509;17;0;75724;0.00881531;2641;2.17174026;0.082285176
1;-23.4846961;-46.389509;20;0;36187;0.708819973;3247;2.270047021;0.092211288
0;-23.4846961;-46.389509;19;1;58644;0.108818265;2838;2.203698068;0.088592929
0;-23.4846961;-46.389509;19;1;25740;0.108818265;1842;2.042124579;0.074419937
1;-23.4846961;-46.389509;19;0;25414;0.708818265;1842;2.042124579;0.086774112
1;-23.4846961;-46.389509;20;1;76119;0.808819973;2641;2.17174026;0.121697186
1;-23.4846961;-46.389509;20;1;64244;0.808819973;1346;1.96166228;0.116582176
0;-23.4846961;-46.389509;10;0;53104;0.008815089;1641;2.009517881;0.072438901
1;-23.4846961;-46.389509;2;1;89586;0.808870573;3924;2.379871571;0.15110878
1;-23.4846961;-46.389509;13;1;31602;0.808814573;14001;4.014586477;0.100002301
1;-23.4846961;-46.389509;19;1;83441;0.808818265;11714;3.643583898;0.124054208
1;-23.4846961;-46.389509;21;0;26228;0.708822831;1307;1.955335607;0.089255194
1;-23.4846961;-46.389509;6;1;39514;0.808820573;5776;2.680307416;0.106210003
1;-23.4846961;-46.389509;2;0;72360;0.708870573;1256;1.947062266;0.131403212
1;-23.4846961;-46.389509;4;1;94829;0.808863906;3924;2.379871571;0.150256353
0;-23.4846961;-46.389509;14;0;88216;0.008812906;3924;2.379871571;0.086544432
1;-23.4846961;-46.389509;7;0;45997;0.708814858;3913;2.378087125;0.094050409
0;-23.4846961;-46.389509;8;1;55431;0.108812001;4986;2.552151737;0.0842862
0;-23.4846961;-46.389509;8;1;51457;0.108812001;2829;2.202238067;0.082574448
1;-23.4846961;-46.389509;19;0;73642;0.708818265;1256;1.947062266;0.107547728
0;-23.4846961;-46.389509;20;0;72280;0.008819973;1256;1.947062266;0.082977627
1;-23.4846961;-46.389509;20;1;59334;0.808819973;1093;1.920620018;0.114467254
0;-23.4846961;-46.389509;19;1;25936;0.108818265;1842;2.042124579;0.074504361
1;-23.4846961;-46.389509;4;0;51260;0.708863906;2829;2.202238067;0.119203863
0;-23.4846961;-46.389509;7;0;58709;0.008814858;2838;2.203698068;0.07474567
1;-23.4846961;-46.389509;16;0;96523;0.708821027;1108;1.923053354;0.118692346
1;-23.4846961;-46.389509;18;1;33673;0.808815062;2742;2.18812472;0.101122907
1;-23.4846961;-46.389509;20;1;98973;0.808819973;1402;1.970746733;0.131541265
0;-23.4846961;-46.389509;15;1;81552;0.108818973;11714;3.643583898;0.09879049
1;-23.4846961;-46.389509;15;0;87701;0.708818973;3924;2.379871571;0.113933691
1;-23.4846961;-46.389509;23;0;41779;0.708823731;2035;2.073433498;0.096373473
0;-23.4846961;-46.389509;7;0;69851;0.008814858;1275;1.950144491;0.079544949
1;-23.4846961;-46.389509;20;0;75938;0.708819973;2641;2.17174026;0.109333541
0;-23.4846961;-46.389509;1;0;80179;0.008816287;11714;3.643583898;0.084660205
0;-23.4846961;-46.389509;16;1;57756;0.108821027;3834;2.365271557;0.089499343
0;-23.4846961;-46.389509;18;1;63548;0.108815062;1346;1.96166228;0.089210919
0;-23.4846961;-46.389509;5;1;41701;0.108890573;2035;2.073433498;0.115034981
0;-23.4846961;-46.389509;20;0;63870;0.008819973;1346;1.96166228;0.079355123
0;-23.4846961;-46.389509;19;1;38308;0.108818265;5776;2.680307416;0.079833448
0;-23.4846961;-46.389509;21;1;49678;0.108822831;1018;1.90845334;0.086861398
1;-23.4846961;-46.389509;8;1;29963;0.808812001;3220;2.265667017;0.098096449
0;-23.4846961;-46.389509;8;1;90723;0.108812001;3924;2.379871571;0.099487794
0;-23.4846961;-46.389509;0;1;91447;0.108818451;3924;2.379871571;0.102809433
0;-23.5730839;-46.7306322;2;1;74016;0.111513744;1256;1.947062266;0.122463828
1;-23.6529222;-46.6379756;2;1;59399;0.80975163;1093;1.920620018;0.139053405
1;-23.6245045;-46.5977962;12;0;65291;0.711680372;1346;1.96166228;0.106409393
0;-23.4673363;-46.60597;19;0;96207;0.009699322;1108;1.923053354;0.093434352
1;-23.5427695;-46.5509798;0;1;47159;0.820272196;1018;1.90845334;0.120828143
0;-23.5849227;-46.5715116;20;1;71067;0.111683409;1256;1.947062266;0.097819559
0;-23.5420791;-46.6846996;5;0;98033;0.01946326;1402;1.970746733;0.138381257
1;-23.5707703;-46.7063088;12;1;27668;0.816526187;1307;1.955335607;0.107699599
0;-23.60676108;-46.60785349;4;1;83771;0.115912364;11714;3.643583898;0.128291408
1;-23.5417843;-46.6399751;11;1;92215;0.817847773;3924;2.379871571;0.136923379
0;-23.5666886;-46.7118488;5;1;38552;0.117040352;5776;2.680307416;0.122441145
1;-23.5314481;-46.6626499;13;0;81893;0.710576687;11714;3.643583898;0.111273456
1;-23.7100863;-46.6978229;16;0;99059;0.705737327;1402;1.970746733;0.116469135
1;-23.53974337;-46.65503312;10;1;77737;0.817625662;2641;2.17174026;0.129588254
0;-23.5405037;-46.6393298;5;1;74713;0.11792141;1256;1.947062266;0.138964354
1;-23.5177794;-46.7044359;0;1;69181;0.810140037;1275;1.950144491;0.119419859
0;-23.5340243;-46.6533068;15;0;59441;0.012122937;1093;1.920620018;0.080533156
0;-23.5963691;-46.6868073;22;0;95703;0.013232269;1902;2.051857922;0.101074422
1;-23.54366151;-46.65441448;7;0;22417;0.719167281;13686;3.963486428;0.09502443
1;-23.5449917;-46.7082375;12;1;64319;0.821812531;1346;1.96166228;0.129170387
0;-23.5183374;-46.7044436;10;0;78528;0.010356939;1095;1.920944463;0.085047757
0;-23.5183374;-46.7044436;14;1;39812;0.110354756;5776;2.680307416;0.079638467
1;-23.57230787;-46.69751709;8;1;85773;0.816521252;3924;2.379871571;0.130424824
1;-23.5181162;-46.5540786;20;1;62561;0.810802352;1346;1.96166228;0.117988677
1;-23.5174105;-46.7532427;2;0;27108;0.708650308;1307;1.955335607;0.111674644
1;-23.47874755;-46.60168365;16;1;89502;0.810362877;3924;2.379871571;0.129611599
0;-23.5482576;-46.6424238;7;1;40534;0.12269151;17543;4.589178142;0.094122723
1;-23.5408682;-46.6424238;12;1;36119;0.817407245;3247;2.270047021;0.112287067
1;-23.6919698;-46.5569304;18;1;66997;0.806832684;1346;1.96166228;0.113345376
0;-23.5364676;-46.6333508;8;1;26812;0.119825217;1307;1.955335607;0.083800211
0;-23.5157017;-46.5555984;16;0;26584;0.01102367;1307;1.955335607;0.066154966
1;-23.5986185;-46.7420604;9;0;68837;0.712557248;1275;1.950144491;0.106932782
0;-23.6024777;-46.7318411;17;1;21368;0.112780067;13686;3.963486428;0.075420545
0;-23.5157017;-46.5555984;11;0;30460;0.011019579;14001;4.014586477;0.065915615
0;-23.580163;-46.1;7;1;63431;0.112779616;1346;1.96166228;0.09332816
1;-23.6026007;-46.6123434;20;1;69034;0.816529224;1275;1.950144491;0.126934315
1;-23.5719564;-46.7044971;2;1;29610;0.816359559;3220;2.265667017;0.133326936
0;-23.4816559;-46.7215721;17;1;34515;0.102647909;2742;2.18812472;0.070189463
1;-23.4534724;-46.7346318;18;0;97163;0.705951626;1402;1.970746733;0.113106025
0;-23.5705675;-46.6435321;15;1;96538;0.115206638;1108;1.923053354;0.112113475
1;-23.5566396;-46.6650092;10;0;33387;0.720268833;2742;2.18812472;0.101041267
0;-23.5672621;-46.6640427;13;1;90904;0.115863031;3924;2.379871571;0.108344059
0;-23.6031379;-46.5975636;9;0;40807;0.009914076;17543;4.589178142;0.067237019
0;-23.5824303;-46.4028474;12;1;76103;0.11256143;2641;2.17174026;0.099519237
1;-23.6536172;-46.6034577;22;0;99958;0.70970804;1402;1.970746733;0.123898273
1;-23.55142805;-46.64346207;17;1;91038;0.822691962;3924;2.379871571;0.140867479
1;-23.582106;-46.6011555;8;0;23243;0.714979402;13686;3.963486428;0.089547335
1;-23.6037534;-46.7465665;12;1;41387;0.811900637;2035;2.073433498;0.108635546
0;-23.5569717;-46.6255524;11;0;75399;0.02379491;2641;2.17174026;0.099008436
0;-23.5819568;-46.581139;14;1;43632;0.112337135;3913;2.378087125;0.083415318
0;-23.443579;-46.4590557;15;0;94275;0.007056858;3924;2.379871571;0.090090478
0;-23.5426078;-46.6956075;0;0;42674;0.019391139;2035;2.073433498;0.080883024
1;-23.5705609;-46.7044101;6;1;29639;0.816309559;3220;2.265667017;0.110008548
1;-23.5432587;-46.416144;6;0;42674;0.721375639;2035;2.073433498;0.108784528
0;-23.5525694;-46.653431;3;1;47639;0.121392305;1018;1.90845334;0.106205505
0;-23.5602727;-46.6860918;1;1;55721;0.11762686;4986;2.552151737;0.095883938
1;-23.4684574;-46.5755993;22;0;55860;0.707064868;4986;2.552151737;0.102061692
0;-23.6365235;-46.6170747;4;1;36202;0.114811043;3247;2.270047021;0.106617518
1;-23.5930686;-46.5393749;1;0;93983;0.713662102;3924;2.379871571;0.120596553
0;-23.5065461;-46.5927338;22;1;76173;0.107945926;2641;2.17174026;0.099263975
1;-23.5988304;-46.5321765;14;1;82206;0.815200571;11714;3.643583898;0.127889605
1;-23.5359575;-46.6352962;17;0;67249;0.718947468;6564;2.80813865;0.11430894
1;-23.5540468;-46.6544244;0;1;85055;0.821593782;3924;2.379871571;0.138572334
1;-23.6196173;-46.4758823;3;1;48272;0.812581733;1018;1.90845334;0.121785404
0;-23.5460735;-46.6042878;3;0;23997;0.02623812;13686;3.963486428;0.088946493
0;-23.5875844;-46.1;4;0;61689;0.013048928;1346;1.96166228;0.103415441
1;-23.5979982;-46.5536373;7;1;36693;0.814541731;3247;2.270047021;0.108485979
0;-23.6196173;-46.4758823;10;1;69303;0.112559582;1275;1.950144491;0.095728141
0;-23.5544909;-46.6563739;1;0;45355;0.021371353;3913;2.378087125;0.08315927
1;-23.59700862;-46.61545237;22;0;39729;0.716976763;5776;2.680307416;0.105770627
1;-23.6876751;-46.5577688;0;0;24206;0.707276601;13686;3.963486428;0.084683014
0;-23.552856;-46.654034;2;1;45815;0.122086432;3913;2.378087125;0.121684237
0;-23.5372582;-46.6262243;10;1;39883;0.120929626;5776;2.680307416;0.092055222
1;-23.5998292;-46.6040495;1;0;70425;0.71762686;1256;1.947062266;0.1147121
0;-23.5374369;-46.6190063;4;1;84526;0.120978443;11714;3.643583898;0.13406361
1;-23.5980725;-46.6843359;21;0;82097;0.71388891;11714;3.643583898;0.118767073
1;-23.570114;-46.706325;12;0;90425;0.716746452;3924;2.379871571;0.122682549
0;-23.556057;-46.6823689;9;0;89662;0.021808349;3924;2.379871571;0.101069305
1;-23.5195982;-46.6009576;12;1;95229;0.813662751;1902;2.051857922;0.133721931
1;-23.5401678;-46.1;0;0;73783;0.719611403;1256;1.947062266;0.119299945
1;-23.5426253;-46.6322264;14;0;28136;0.722689558;4053;2.400798258;0.100366017
1;-23.507347;-46.5719617;18;0;52174;0.707934005;1641;2.009517881;0.095859
1;-23.4371053;-46.5422828;21;1;34348;0.806399923;2742;2.18812472;0.102433381
1;-23.6357413;-46.7418934;21;1;61749;0.809703888;1346;1.96166228;0.117788412
0;-23.5718633;-46.708172;0;1;43216;0.116307438;3913;2.378087125;0.090086603
1;-23.549787;-46.6259001;15;0;93351;0.727981968;3924;2.379871571;0.13697121
1;-23.5567432;-46.6249762;6;0;24358;0.724679604;13686;3.963486428;0.104447525
0;-23.6326125;-46.6567297;23;0;91045;0.011026374;3924;2.379871571;0.095182178
0;-23.4777393;-46.5997888;12;1;94318;0.110138522;3924;2.379871571;0.104760039
1;-23.5673705;-46.643132;15;0;66645;0.715647167;1346;1.96166228;0.11220568
1;-23.5552624;-46.6173415;10;0;35828;0.725334913;3247;2.270047021;0.107539693
0;-23.6020252;-46.6127772;15;0;36783;0.016307959;3247;2.270047021;0.075273193
0;-23.5501945;-46.4072589;6;0;82332;0.024899868;11714;3.643583898;0.104875661
0;-23.5318732;-46.3389714;3;1;39433;0.112581733;5776;2.680307416;0.093197837
1;-23.5166235;-46.6861792;17;0;26317;0.710136895;1307;1.955335607;0.087204951
1;-23.6326127;-46.6567407;8;0;64690;0.711014644;1346;1.96166228;0.103137254
1;-23.3024018;-45.9772295;17;1;59846;0.806172138;1093;1.920620018;0.10966997
0;-23.5878106;-46.5800576;17;1;92714;0.113000332;3924;2.379871571;0.106388782
1;-23.5498747;-46.1;6;1;56151;0.825120132;2133;2.089331291;0.1309013
0;-23.5978205;-46.554705;8;1;57952;0.114318609;3834;2.365271557;0.091292736
1;-23.5105208;-46.73834;10;1;75261;0.80683271;2641;2.17174026;0.11691728
1;-23.6038379;-46.6079761;21;1;29062;0.817192875;3220;2.265667017;0.111760969
0;-23.5642515;-46.560447;16;1;23529;0.116750543;13686;3.963486428;0.083282216
1;-23.6278302;-46.6857531;22;1;79312;0.813012005;1095;1.920944463;0.130843332
0;-23.5500637;-46.1;1;1;32035;0.125115846;2742;2.18812472;0.093733565
1;-23.620559;-46.6783384;17;0;87116;0.711238217;3924;2.379871571;0.1145775
1;-23.5517729;-46.6519636;7;1;26236;0.822250982;1307;1.955335607;0.11227066
0;-23.5891523;-46.7529891;7;1;94867;0.110136444;3924;2.379871571;0.104026919
0;-23.552856;-46.654034;22;1;39574;0.122042842;5776;2.680307416;0.098656262
1;-23.5759335;-46.5469872;8;0;47728;0.715419931;1018;1.90845334;0.100567599
0;-23.5986185;-46.7420604;9;0;97074;0.012557248;1402;1.970746733;0.094315246
1;-23.5658806;-46.6252437;11;1;57954;0.819389624;3834;2.365271557;0.123823657
1;-23.6053841;-46.5939134;19;1;68354;0.81366408;1275;1.950144491;0.122765838
1;-23.5757493;-46.6093862;7;1;54479;0.818286224;1641;2.009517881;0.120173119
0;-23.620056;-46.4798637;22;1;96258;0.112130948;1108;1.923053354;0.112415033
1;-23.5757493;-46.6093862;4;1;74209;0.818335272;1256;1.947062266;0.151558055
1;-23.6330664;-46.6574631;20;1;98766;0.811022616;1402;1.970746733;0.133820361
1;-23.5423583;-46.6512925;18;0;46946;0.718286428;3913;2.378087125;0.104737919
1;-23.5731308;-46.5024878;1;0;78854;0.716745802;1095;1.920944463;0.117395485
0;-23.1026145;-46.1;10;0;88490;0.006171917;3924;2.379871571;0.084839074
0;-23.6052553;-46.6929939;13;0;86699;0.012999595;3924;2.379871571;0.09116839
1;-23.5403636;-46.6592077;23;1;22876;0.818074832;13686;3.963486428;0.110463606
0;-23.5530061;-46.559538;22;0;73948;0.024025221;1256;1.947062266;0.103308191
1;-23.6262758;-46.5859116;0;0;25612;0.713223738;1842;2.042124579;0.09168293
1;-23.5489036;-46.7500771;21;0;37634;0.721818425;6966;2.873352046;0.108140915
0;-23.6151028;-46.6680791;0;0;38288;0.010580566;5776;2.680307416;0.069520774
1;-23.5155195;-46.4600494;14;0;79897;0.711015549;1095;1.920944463;0.11010966
0;-23.6252018;-46.6452683;12;1;28927;0.109697994;4053;2.400798258;0.07612002
1;-23.554989;-46.6634687;22;0;48239;0.721822578;1018;1.90845334;0.114646373
0;-23.6249273;-46.6332812;5;0;58673;0.014176916;2838;2.203698068;0.115743601
0;-23.5183568;-46.5993645;22;0;51962;0.013672798;2829;2.202238067;0.082707177
0;-23.5726719;-46.7080409;16;0;49827;0.016310014;1018;1.90845334;0.081850423
1;-23.5462874;-46.6908079;22;1;73098;0.823364428;1256;1.947062266;0.139297543
0;-23.5526959;-46.4013513;23;0;96724;0.023140911;1108;1.923053354;0.11065376
1;-23.5832186;-46.6064532;7;1;62148;0.814321466;1346;1.96166228;0.119213581
1;-23.5597951;-46.6307886;17;1;98517;0.821370376;1402;1.970746733;0.142668011
0;-23.6130501;-46.7158037;9;0;49283;0.009693812;1018;1.90845334;0.070651125
0;-23.5870871;-46.6117987;16;0;80023;0.015649221;11714;3.643583898;0.0941465
1;-23.5431958;-46.6475772;18;0;54206;0.71938775;1641;2.009517881;0.109049204
0;-23.6048196;-46.6290467;20;1;98678;0.116969752;1402;1.970746733;0.115396478
0;-23.5656481;-46.6678068;19;1;52148;0.114545137;1641;2.009517881;0.09195233
0;-23.5954382;-46.4862355;15;0;67282;0.013003995;6564;2.80813865;0.084857874
1;-23.5170152;-46.4756423;2;1;53467;0.81129348;1641;2.009517881;0.13815605
0;-23.5633963;-46.6561558;1;0;98963;0.015424216;1402;1.970746733;0.099855957
0;-23.6240894;-46.632199;16;0;99603;0.014547899;1402;1.970746733;0.101396215
0;-23.5566396;-46.6650092;8;0;61320;0.020265746;1346;1.96166228;0.086852078
0;-23.5421816;-46.4088656;15;0;43100;0.019832189;3913;2.378087125;0.081783377
1;-23.56091737;-46.65537348;12;0;84253;0.716966716;11714;3.643583898;0.120260862
1;-23.617431;-46.6913376;15;1;55560;0.811021616;4986;2.552151737;0.114743291
0;-23.4683453;-46.5763701;4;1;29460;0.107101791;3220;2.265667017;0.095424579
0;-23.5995098;-46.7193766;3;1;47790;0.109498032;1018;1.90845334;0.09348195
0;-23.5346495;-46.7255618;19;1;42829;0.109479058;2035;2.073433498;0.082491291
1;-23.5690798;-46.1;20;0;37258;0.717630545;6966;2.873352046;0.102145643
1;-23.5942981;-46.6189528;19;1;47877;0.816086987;1018;1.90845334;0.116550707
1;-23.6441869;-46.6485258;5;0;25694;0.706247401;1842;2.042124579;0.117792848
0;-23.600784;-46.5459143;5;0;75388;0.014837709;2641;2.17174026;0.123653859
0;-23.5555113;-46.6676961;6;1;55275;0.120714846;4986;2.552151737;0.101007181
0;-23.5949241;-46.6430342;18;0;81066;0.011017706;11714;3.643583898;0.086839159
0;-23.4995768;-46.6255096;5;1;32872;0.10977163;2742;2.18812472;0.112179302
1;-23.551046;-46.6280658;22;1;98021;0.827329186;1402;1.970746733;0.154295684
0;-23.5435362;-46.6325828;18;0;66246;0.023572772;1346;1.96166228;0.093954701
1;-23.5415094;-46.683719;6;1;42203;0.81939326;2035;2.073433498;0.118735899
0;-23.64138;-46.1;10;1;99179;0.109255617;1402;1.970746733;0.105044472
0;-23.5629203;-46.1;22;1;84996;0.117637556;11714;3.643583898;0.113484712
0;-24.1578551;-46.1;12;1;22742;0.106173765;13686;3.963486428;0.069666693
0;-23.5538471;-46.6712283;13;0;98721;0.021149374;1402;1.970746733;0.105109276
0;-22.920491;-46.1;7;1;35603;0.106171687;3247;2.270047021;0.074236816
0;-23.5531163;-46.433644;16;1;51542;0.123358472;2829;2.202238067;0.102453246
1;-23.5460323;-46.7346884;4;1;85627;0.820978443;3924;2.379871571;0.159318128
0;-23.6323896;-46.7485618;0;1;35641;0.109919773;3247;2.270047021;0.079955815
1;-23.5428249;-46.6386811;8;1;35500;0.818723896;3247;2.270047021;0.111138607
0;-23.51281904;-46.60907688;2;0;26276;0.013716388;1307;1.955335607;0.091982989
1;-23.5499502;-46.6901484;18;0;53890;0.724453829;1641;2.009517881;0.114360086
1;-23.5091733;-46.6517397;21;1;35150;0.806840452;3247;2.270047021;0.103252484
1;-23.5359575;-46.6352962;10;0;36435;0.718947247;3247;2.270047021;0.100933201
0;-23.4875089;-46.6238568;5;1;91631;0.111093216;3924;2.379871571;0.138909972
1;-23.6090723;-46.6648508;10;0;68776;0.712119054;1275;1.950144491;0.107522086
0;-23.5745494;-46.6447106;14;1;71985;0.113438457;1256;1.947062266;0.096812152
0;-23.575546;-46.6695418;15;0;99836;0.014105316;1402;1.970746733;0.100064238
0;-23.476397;-46.7147874;10;1;78402;0.106612446;1095;1.920944463;0.093253125
1;-23.5338109;-46.5064985;8;1;87364;0.813657816;3924;2.379871571;0.128031391
1;-23.7231483;-46.6858855;21;1;88470;0.805518866;3924;2.379871571;0.124798462
1;-23.5408565;-46.4057406;23;1;53410;0.819176153;1641;2.009517881;0.124799879
1;-23.617431;-46.6913376;17;1;43120;0.811017953;3913;2.378087125;0.10767562
1;-23.4912502;-46.6341438;16;1;47755;0.810583142;1018;1.90845334;0.111866419
1;-23.5334877;-46.6666007;11;0;89487;0.711680372;3924;2.379871571;0.116831522
0;-23.6347293;-46.509743;22;0;69005;0.013012005;1275;1.950144491;0.089337761
1;-23.6347708;-46.5098116;17;1;36263;0.812780067;3247;2.270047021;0.106616659
1;-23.5833928;-46.6543544;2;1;43229;0.80975163;3913;2.378087125;0.132088376
1;-23.5193793;-46.6890492;8;0;89200;0.710353851;3924;2.379871571;0.112984157
1;-23.5675106;-46.6844199;22;1;52547;0.816536234;1641;2.009517881;0.123103851
0;-23.5484759;-46.7455199;9;0;95487;0.021808349;1902;2.051857922;0.103578352
1;-23.6159641;-46.6124255;15;0;74896;0.715426902;1256;1.947062266;0.115522871
1;-23.5543972;-46.6722038;12;1;74463;0.821372002;1256;1.947062266;0.133066138
0;-23.5615128;-46.6600855;15;1;80627;0.115426902;11714;3.643583898;0.105496834
1;-23.6144539;-46.6008813;2;1;31437;0.815258238;14001;4.014586477;0.132929764
0;-23.5969676;-46.5989353;8;0;34112;0.016961781;2742;2.18812472;0.071580179
1;-23.5404228;-46.4701037;4;0;32736;0.719877122;2742;2.18812472;0.123066171
0;-23.6702591;-46.7397297;20;0;29492;0.003533629;3220;2.265667017;0.058863402
1;-23.5351595;-46.5753939;1;0;52059;0.715424216;1641;2.009517881;0.104432913
0;-23.5480255;-46.7474315;7;1;53435;0.122250982;1641;2.009517881;0.099206018
0;-23.6337358;-46.6575524;6;1;76456;0.110802952;2641;2.17174026;0.099473472
0;-23.4441316;-46.7250605;1;1;20973;0.101547565;13686;3.963486428;0.063628377
1;-23.6244358;-46.6350765;7;0;85937;0.714101202;3924;2.379871571;0.116937893
0;-23.6540424;-46.7078918;5;0;22575;0.006467665;13686;3.963486428;0.091905927
0;-23.5889449;-46.7192554;13;1;64312;0.107713251;1346;1.96166228;0.088127326
1;-23.58082187;-46.6373223;17;1;98770;0.815863768;1402;1.970746733;0.136856341
0;-23.5562633;-46.6307889;12;1;28211;0.124675967;4053;2.400798258;0.091915771
0;-23.5562633;-46.6307889;18;0;61763;0.024674093;1346;1.96166228;0.093207834
1;-23.4846961;-46.389509;2;0;36467;0.708870573;3247;2.270047021;0.115942744
1;-23.4846961;-46.389509;18;0;38449;0.708815062;5776;2.680307416;0.090894429
0;-23.4846961;-46.389509;12;0;81867;0.008816936;11714;3.643583898;0.085690288
0;-23.4846961;-46.389509;11;1;91647;0.108816936;3924;2.379871571;0.102188584
1;-23.4846961;-46.389509;8;0;90963;0.708812001;3924;2.379871571;0.112085766
1;-23.4846961;-46.389509;18;0;47914;0.708815062;1018;1.90845334;0.094971361
0;-23.4846961;-46.389509;1;0;88372;0.008816287;3924;2.379871571;0.088189239
1;-23.4846961;-46.389509;12;1;48512;0.808816936;1018;1.90845334;0.10838899
1;-23.4846961;-46.389509;9;0;80247;0.708812755;11714;3.643583898;0.10782146
0;-23.4846961;-46.389509;20;0;53016;0.008819973;1641;2.009517881;0.074679896
1;-23.4846961;-46.389509;17;0;78339;0.70881531;1095;1.920944463;0.108191831
1;-23.4846961;-46.389509;12;0;39388;0.708816936;5776;2.680307416;0.092173259
1;-23.4846961;-46.389509;23;0;21194;0.708823731;13686;3.963486428;0.087506738
1;-23.4846961;-46.389509;6;1;22377;0.808820573;13686;3.963486428;0.098828452
1;-23.4846961;-46.389509;18;0;93967;0.708815062;3924;2.379871571;0.114808124
1;-23.4846961;-46.389509;18;0;41548;0.708815062;2035;2.073433498;0.092229285
1;-23.4846961;-46.389509;18;0;35134;0.708815062;3247;2.270047021;0.089466534
0;-23.5730839;-46.7306322;9;0;82907;0.011455926;11714;3.643583898;0.087028856
0;-23.6529222;-46.6379756;14;1;21145;0.109693963;13686;3.963486428;0.070887409
1;-23.6245045;-46.5977962;20;1;73462;0.811683409;1256;1.947062266;0.123631452
1;-23.4673363;-46.60597;11;0;79108;0.709697994;1095;1.920944463;0.110229463
0;-23.5427695;-46.5509798;5;1;87746;0.120344317;3924;2.379871571;0.147183243
1;-23.5849227;-46.5715116;0;1;88284;0.811681888;3924;2.379871571;0.129306022
0;-23.5420791;-46.6846996;4;0;68414;0.019436593;1275;1.950144491;0.113180102
0;-23.5707703;-46.7063088;16;0;40284;0.016530278;17543;4.589178142;0.077976719
0;-23.60676108;-46.60785349;5;1;29002;0.115939031;3220;2.265667017;0.117143471
0;-23.5417843;-46.6399751;15;0;91229;0.01784981;3924;2.379871571;0.100382918
0;-23.5666886;-46.7118488;19;1;98030;0.116968045;1402;1.970746733;0.114320521
0;-23.5314481;-46.6626499;11;0;59530;0.010579051;1093;1.920620018;0.077963508
0;-23.7100863;-46.6978229;1;1;25372;0.105732587;1842;2.042124579;0.070022883
1;-23.53974337;-46.65503312;1;0;37931;0.71762686;6966;2.873352046;0.10071571
1;-23.5405037;-46.6393298;22;0;76150;0.71785782;2641;2.17174026;0.122405827
0;-23.5177794;-46.7044359;19;1;25090;0.110139851;1842;2.042124579;0.075560912
1;-23.5340243;-46.6533068;21;1;31090;0.812126796;14001;4.014586477;0.10718751
0;-23.5963691;-46.6868073;5;1;68494;0.113295859;1275;1.950144491;0.131312253
0;-23.54366151;-46.65441448;4;1;80416;0.119216329;11714;3.643583898;0.130398671
1;-23.5449917;-46.7082375;15;0;61518;0.721814567;1346;1.96166228;0.116628413
0;-23.5183374;-46.7044436;23;1;78368;0.110365581;1095;1.920944463;0.10129692
1;-23.5183374;-46.7044436;12;1;31125;0.810358787;14001;4.014586477;0.102557535
0;-23.57230787;-46.69751709;1;0;27338;0.016525538;1307;1.955335607;0.0701885
1;-23.5181162;-46.5540786;14;1;76387;0.810795285;2641;2.17174026;0.120646625
0;-23.5174105;-46.7532427;4;1;21334;0.108643642;13686;3.963486428;0.093582186
0;-23.47874755;-46.60168365;20;0;55983;0.010361823;4986;2.552151737;0.077615676
0;-23.5482576;-46.6424238;16;1;80184;0.122697679;11714;3.643583898;0.114079957
0;-23.5408682;-46.6424238;20;1;63435;0.117410281;1346;1.96166228;0.100689642
1;-23.6919698;-46.5569304;10;0;49920;0.70683271;1018;1.90845334;0.093716276
0;-23.5364676;-46.6333508;17;1;87199;0.119828525;3924;2.379871571;0.111354865
1;-23.5157017;-46.5555984;8;1;45120;0.811014644;3913;2.378087125;0.106993398
1;-23.5986185;-46.7420604;23;0;30072;0.712568224;14001;4.014586477;0.095356866
1;-23.6024777;-46.7318411;18;1;72345;0.81277982;1256;1.947062266;0.12204326
0;-23.5157017;-46.5555984;12;1;37390;0.111019579;6966;2.873352046;0.081186308
0;-23.580163;-46.1;12;1;79262;0.112781694;1095;1.920944463;0.101116763
0;-23.6026007;-46.6123434;15;1;67132;0.116528224;6564;2.80813865;0.100868158
1;-23.5719564;-46.7044971;8;1;98676;0.816300988;1402;1.970746733;0.135745806
1;-23.4816559;-46.7215721;13;1;63341;0.802647172;1346;1.96166228;0.10704236
1;-23.4534724;-46.7346318;1;1;34821;0.805952851;2742;2.18812472;0.099110026
0;-23.5705675;-46.6435321;14;0;45672;0.015200571;3913;2.378087125;0.075087078
0;-23.5566396;-46.6650092;22;1;62538;0.120280727;1346;1.96166228;0.106653115
0;-23.5672621;-46.6640427;10;1;98350;0.115863547;1402;1.970746733;0.111792167
0;-23.6031379;-46.5975636;1;1;90045;0.109917609;3924;2.379871571;0.102379673
1;-23.5824303;-46.4028474;19;1;62705;0.812562758;1346;1.96166228;0.119148471
1;-23.6536172;-46.6034577;15;1;71287;0.80970003;1256;1.947062266;0.120096547
0;-23.55142805;-46.64346207;2;0;66110;0.022747225;1346;1.96166228;0.118850855
1;-23.582106;-46.6011555;10;0;53185;0.71498249;1641;2.009517881;0.103885191
1;-23.6037534;-46.7465665;22;1;48844;0.811910683;1018;1.90845334;0.116535487
0;-23.5569717;-46.6255524;12;0;41395;0.02379491;2035;2.073433498;0.084361632
1;-23.5819568;-46.581139;14;0;61988;0.712337135;1346;1.96166228;0.103816534
0;-23.443579;-46.4590557;9;0;35225;0.00705064;3247;2.270047021;0.061753905
0;-23.5426078;-46.6956075;9;1;26621;0.119385442;1307;1.955335607;0.083595767
1;-23.5705609;-46.7044101;23;0;22877;0.716312717;13686;3.963486428;0.096283749
1;-23.5432587;-46.416144;0;1;99302;0.821373518;1402;1.970746733;0.144472228
0;-23.5525694;-46.653431;4;0;48462;0.021418972;1018;1.90845334;0.106717457
1;-23.5602727;-46.6860918;3;1;73333;0.817647812;1256;1.947062266;0.138027116
0;-23.4684574;-46.5755993;2;1;66036;0.107108458;1346;1.96166228;0.114290024
1;-23.6365235;-46.6170747;8;1;53289;0.814759138;1641;2.009517881;0.114538134
1;-23.5930686;-46.5393749;17;0;42335;0.713661125;2035;2.073433498;0.097893721
1;-23.5065461;-46.5927338;15;1;64662;0.807937915;1346;1.96166228;0.115348303
0;-23.5988304;-46.5321765;13;1;90092;0.115202238;3924;2.379871571;0.107283823
1;-23.5359575;-46.6352962;0;0;30312;0.71895061;14001;4.014586477;0.09986487
0;-23.5540468;-46.6544244;1;0;27830;0.021591617;1307;1.955335607;0.075847418
0;-23.6196173;-46.4758823;19;1;58294;0.112562758;2838;2.203698068;0.092468211
1;-23.5460735;-46.6042878;7;0;81247;0.726215739;11714;3.643583898;0.127943156
0;-23.5875844;-46.1;10;1;65750;0.113000111;1346;1.96166228;0.094671382
0;-23.5979982;-46.5536373;1;0;69882;0.014543159;1275;1.950144491;0.086382371
0;-23.6196173;-46.4758823;14;0;97987;0.012557399;1402;1.970746733;0.094779209
0;-23.5544909;-46.6563739;19;0;73937;0.021373331;1256;1.947062266;0.096393594
0;-23.59700862;-46.61545237;3;0;29828;0.016987019;3220;2.265667017;0.081511438
1;-23.6876751;-46.5577688;9;0;38382;0.707270904;5776;2.680307416;0.088130845
0;-23.552856;-46.654034;22;0;24659;0.022042842;13686;3.963486428;0.079946129
0;-23.5372582;-46.6262243;3;0;35892;0.020951777;3247;2.270047021;0.088386297
0;-23.5998292;-46.6040495;13;1;33462;0.117625145;2742;2.18812472;0.085496232
1;-23.5374369;-46.6190063;10;1;92729;0.820929626;3924;2.379871571;0.139598261
1;-23.5980725;-46.6843359;9;1;58164;0.813878834;2838;2.203698068;0.116042155
0;-23.570114;-46.706325;20;1;98982;0.116749488;1402;1.970746733;0.115290597
1;-23.556057;-46.6823689;17;0;29592;0.721810904;3220;2.265667017;0.101167388
1;-23.5195982;-46.6009576;8;0;20788;0.713657816;13686;3.963486428;0.087068919
0;-23.5401678;-46.1;1;0;43748;0.019609239;3913;2.378087125;0.080572468
0;-23.5426253;-46.6322264;20;0;82511;0.022696625;11714;3.643583898;0.102304534
0;-23.507347;-46.5719617;22;0;96916;0.007945926;1108;1.923053354;0.095913086
1;-23.4371053;-46.5422828;10;0;62762;0.706392181;1346;1.96166228;0.098774157
0;-23.6357413;-46.7418934;17;0;72729;0.009696367;1256;1.947062266;0.08194242
1;-23.5718633;-46.708172;0;1;38804;0.816307438;5776;2.680307416;0.112966464
0;-23.549787;-46.6259001;21;1;98398;0.127985826;1402;1.970746733;0.128450788
1;-23.5567432;-46.6249762;20;1;53121;0.824679004;1641;2.009517881;0.128842543
0;-23.6326125;-46.6567297;9;1;24144;0.111015398;13686;3.963486428;0.073529447
0;-23.4777393;-46.5997888;12;0;98171;0.010138522;1402;1.970746733;0.094133991
0;-23.5673705;-46.643132;8;0;55630;0.015640195;4986;2.552151737;0.079427838
0;-23.5552624;-46.6173415;23;0;22840;0.025343554;13686;3.963486428;0.081197396
0;-23.6020252;-46.6127772;10;1;67360;0.116304076;6564;2.80813865;0.098917258
0;-23.5501945;-46.4072589;5;1;56967;0.124969868;2133;2.089331291;0.138898911
1;-23.5318732;-46.3389714;9;0;82784;0.712557248;11714;3.643583898;0.112940281
0;-23.5166235;-46.6861792;21;0;51322;0.010144417;2829;2.202238067;0.076704805
0;-23.6326127;-46.6567407;4;0;42783;0.011066549;2035;2.073433498;0.093140482
1;-23.3024018;-45.9772295;7;0;56695;0.706171687;2133;2.089331291;0.09581653
1;-23.5878106;-46.5800576;17;1;40731;0.813000332;17543;4.589178142;0.108778021
0;-23.5498747;-46.1;6;1;78660;0.125120132;1095;1.920944463;0.115816499
0;-23.5978205;-46.554705;9;1;34329;0.114319362;2742;2.18812472;0.081468898
1;-23.5105208;-46.73834;7;1;98071;0.80683248;1402;1.970746733;0.126634891
1;-23.6038379;-46.6079761;12;0;25929;0.71718698;1842;2.042124579;0.095375343
1;-23.5642515;-46.560447;3;0;65849;0.716766755;1346;1.96166228;0.12157049
0;-23.6278302;-46.6857531;2;0;54780;0.013055595;1641;2.009517881;0.103550259
0;-23.5500637;-46.1;14;1;80119;0.125112465;11714;3.643583898;0.112867544
1;-23.620559;-46.6783384;20;1;79222;0.81124288;1095;1.920944463;0.125638849
0;-23.5517729;-46.6519636;3;1;41985;0.122273363;2035;2.073433498;0.104717418
0;-23.5891523;-46.7529891;3;0;72889;0.010158825;1256;1.947062266;0.092717832
1;-23.552856;-46.654034;12;1;98259;0.822032795;1402;1.970746733;0.144026449
0;-23.5759335;-46.5469872;8;0;92664;0.015419931;3924;2.379871571;0.095142951
0;-23.5986185;-46.7420604;18;1;30834;0.112559556;14001;4.014586477;0.079145806
1;-23.5658806;-46.6252437;10;0;63922;0.719387776;1346;1.96166228;0.113246539
1;-23.6053841;-46.5939134;23;1;55743;0.813669546;4986;2.552151737;0.119884144
1;-23.5757493;-46.6093862;20;0;69454;0.718291338;1275;1.950144491;0.116724151
0;-23.620056;-46.4798637;7;1;49182;0.112118823;1018;1.90845334;0.086480101
0;-23.5757493;-46.6093862;7;0;91626;0.018286224;3924;2.379871571;0.099107775
1;-23.6330664;-46.6574631;14;0;60357;0.711015549;13168;3.879455236;0.101693045
1;-23.5423583;-46.6512925;18;0;54130;0.718286428;1641;2.009517881;0.107832339
0;-23.5731308;-46.5024878;15;1;22831;0.116748488;13686;3.963486428;0.082022874
1;-23.1026145;-46.1;20;0;29556;0.706176801;3220;2.265667017;0.086513156
0;-23.6052553;-46.6929939;9;1;87402;0.112997777;3924;2.379871571;0.102908484
1;-23.5403636;-46.6592077;14;0;73114;0.718064007;1256;1.947062266;0.114766394
1;-23.5530061;-46.559538;16;1;42826;0.824019265;2035;2.073433498;0.12418969
0;-23.6262758;-46.5859116;10;1;48988;0.113220375;1018;1.90845334;0.087688183
0;-23.5489036;-46.7500771;17;1;54330;0.121810904;1641;2.009517881;0.099328381
1;-23.6151028;-46.6680791;12;1;48974;0.810579051;1018;1.90845334;0.110482598
1;-23.5155195;-46.4600494;8;1;61945;0.811014644;1346;1.96166228;0.11424056
0;-23.6252018;-46.6452683;10;0;75952;0.009696146;2641;2.17174026;0.083227699
1;-23.554989;-46.6634687;15;1;96545;0.821814567;1108;1.923053354;0.144001542
1;-23.6249273;-46.6332812;17;1;75888;0.814101653;2641;2.17174026;0.125105595
1;-23.5183568;-46.5993645;0;0;35402;0.713664266;3247;2.270047021;0.096373504
0;-23.5726719;-46.7080409;1;1;24385;0.116305274;13686;3.963486428;0.080965387
1;-23.5462874;-46.6908079;17;0;86224;0.723352754;3924;2.379871571;0.127218705
0;-23.5526959;-46.4013513;19;1;23191;0.123135446;13686;3.963486428;0.088715668
1;-23.5832186;-46.6064532;18;0;59428;0.71432167;1093;1.920620018;0.105851521
0;-23.5597951;-46.6307886;12;1;65452;0.121372002;1346;1.96166228;0.104404485
0;-23.6130501;-46.7158037;0;0;32520;0.009699509;2742;2.18812472;0.066088976
1;-23.5870871;-46.6117987;6;0;34178;0.715648767;2742;2.18812472;0.098967508
1;-23.5431958;-46.6475772;13;1;97832;0.81938726;1402;1.970746733;0.1398977
1;-23.6048196;-46.6290467;12;1;91549;0.816966716;3924;2.379871571;0.135689205
0;-23.5656481;-46.6678068;23;0;30724;0.014550603;14001;4.014586477;0.072988864
1;-23.5954382;-46.4862355;5;0;38896;0.713075595;5776;2.680307416;0.130821049
1;-23.5170152;-46.4756423;20;1;66435;0.81124288;1346;1.96166228;0.120131007
0;-23.5633963;-46.6561558;22;1;74751;0.115434912;1256;1.947062266;0.106703545
0;-23.6240894;-46.632199;22;0;41560;0.014553855;2035;2.073433498;0.079173947
1;-23.5566396;-46.6650092;7;1;36048;0.820268603;3247;2.270047021;0.114365626
1;-23.5421816;-46.4088656;16;0;51156;0.719834243;2829;2.202238067;0.110992363
0;-23.56091737;-46.65537348;7;1;81744;0.116964638;11714;3.643583898;0.105715951
0;-23.617431;-46.6913376;15;0;74146;0.011021616;1256;1.947062266;0.085683025
1;-23.4683453;-46.5763701;16;0;75366;0.707058913;2641;2.17174026;0.107684622
0;-23.5995098;-46.7193766;16;0;77265;0.00948182;2641;2.17174026;0.086327401
0;-23.5346495;-46.7255618;7;0;98341;0.009475651;1402;1.970746733;0.092527144
0;-23.5690798;-46.1;1;0;33403;0.01762686;2742;2.18812472;0.073985054
0;-23.5942981;-46.6189528;15;0;66060;0.016087695;1346;1.96166228;0.087647075
1;-23.6441869;-46.6485258;16;0;55140;0.706177855;4986;2.552151737;0.098025218
0;-23.600784;-46.5459143;10;0;74342;0.014762225;1256;1.947062266;0.087981206
0;-23.5555113;-46.6676961;2;0;30610;0.020764846;14001;4.014586477;0.101428234
1;-23.5949241;-46.6430342;0;1;67779;0.811021095;6564;2.80813865;0.119763268
0;-23.4995768;-46.6255096;14;1;71460;0.109693963;1256;1.947062266;0.092559975
0;-23.551046;-46.6280658;23;1;87549;0.127325933;3924;2.379871571;0.123487114
0;-23.5435362;-46.6325828;19;1;88085;0.123575974;3924;2.379871571;0.117141611
1;-23.5415094;-46.683719;15;0;40446;0.71939166;17543;4.589178142;0.104946824
0;-23.64138;-46.1;3;0;31343;0.009277768;14001;4.014586477;0.0738751
1;-23.5629203;-46.1;3;1;52377;0.817647812;1641;2.009517881;0.129000577
0;-24.1578551;-46.1;7;1;28923;0.106171687;4053;2.400798258;0.071359488
0;-23.5538471;-46.6712283;16;1;98225;0.121155829;1402;1.970746733;0.120193115
1;-22.920491;-46.1;12;1;78446;0.806173765;1095;1.920944463;0.118440781
1;-23.5531163;-46.433644;23;0;60687;0.723361176;13168;3.879455236;0.120148368
0;-23.5460323;-46.7346884;11;0;97169;0.020931474;1402;1.970746733;0.105306859
0;-23.6323896;-46.7485618;7;0;33547;0.00991618;2742;2.18812472;0.065091578
1;-23.5428249;-46.6386811;23;1;27109;0.818735625;1307;1.955335607;0.112997396
1;-23.5428249;-46.6386811;7;1;88056;0.818726753;3924;2.379871571;0.13510965
0;-23.5428249;-46.6386811;23;0;80028;0.018735625;11714;3.643583898;0.098725646
1;-23.6519372;-46.6680104;15;0;30678;0.705294744;14001;4.014586477;0.085582522
0;-23.63433033;-46.73911277;23;1;68417;0.109925052;1275;1.950144491;0.096536997
1;-23.6108695;-46.6299262;13;1;85693;0.814981974;3924;2.379871571;0.129932458
1;-23.5808299;-46.7347271;23;0;65981;0.710585845;1346;1.96166228;0.108692793
0;-23.5702969;-46.7411777;20;1;50725;0.114767109;61740;11.7589206;0.092373055
1;-23.5463279;-46.642948;3;1;48809;0.822273363;1018;1.90845334;0.132437048
1;-23.5445645;-46.6490931;1;0;34137;0.720270031;2742;2.18812472;0.101923402
0;-23.5428249;-46.6386811;16;0;57449;0.018732922;3834;2.365271557;0.08773859
